root_id,upstream_set_1_2Ns,set_1_syn_count,const,input_synapses,pct_set_1_input,avg_upstream_synapses
720575940602353632,2,95,1,95,100.0,47.5
720575940603266592,3,161,1,161,100.0,53.666666666666664
720575940603765937,2,42,1,42,100.0,21.0
720575940604027168,1,24,1,24,100.0,24.0
720575940604395436,1,30,1,30,100.0,30.0
720575940604459697,1,13,1,13,100.0,13.0
720575940604470240,4,130,1,130,100.0,32.5
720575940604470956,2,101,1,101,100.0,50.5
720575940604486880,1,8,1,8,100.0,8.0
720575940604791217,2,28,1,28,100.0,14.0
720575940604891360,1,20,1,20,100.0,20.0
720575940604921446,1,9,1,9,100.0,9.0
720575940604934502,1,33,1,33,100.0,33.0
720575940605040300,1,17,1,17,100.0,17.0
720575940605161388,2,76,1,76,100.0,38.0
720575940605443017,1,9,1,9,100.0,9.0
720575940605675808,1,7,1,7,100.0,7.0
720575940605682790,1,14,1,14,100.0,14.0
720575940605694240,3,103,1,103,100.0,34.333333333333336
720575940605707710,1,18,1,18,100.0,18.0
720575940605714878,1,14,1,14,100.0,14.0
720575940605890784,2,28,1,28,100.0,14.0
720575940605971330,1,14,1,14,100.0,14.0
720575940606149321,1,60,1,60,100.0,60.0
720575940606239666,2,66,1,66,100.0,33.0
720575940606254002,3,117,1,117,100.0,39.0
720575940606279179,2,38,1,38,100.0,19.0
720575940606335410,1,10,1,10,100.0,10.0
720575940606343945,2,124,1,124,100.0,62.0
720575940606373321,1,7,1,7,100.0,7.0
720575940606388146,15,793,1,793,100.0,52.86666666666667
720575940606425033,2,72,1,72,100.0,36.0
720575940606526421,1,15,1,15,100.0,15.0
720575940606866377,16,455,1,455,100.0,28.4375
720575940607071106,1,14,1,14,100.0,14.0
720575940607162754,4,377,1,377,100.0,94.25
720575940607253170,1,16,1,16,100.0,16.0
720575940607272649,1,48,1,48,100.0,48.0
720575940607345586,5,356,1,356,100.0,71.2
720575940607375794,1,10,1,10,100.0,10.0
720575940607377586,3,94,1,94,100.0,31.333333333333332
720575940607387314,1,66,1,66,100.0,66.0
720575940607731292,1,24,1,24,100.0,24.0
720575940607802123,1,15,1,15,100.0,15.0
720575940607848203,1,21,1,21,100.0,21.0
720575940607876809,1,21,1,21,100.0,21.0
720575940608295689,1,7,1,7,100.0,7.0
720575940608368818,3,78,1,78,100.0,26.0
720575940608370645,7,183,1,183,100.0,26.142857142857142
720575940608402012,1,27,1,27,100.0,27.0
720575940608451420,4,172,1,172,100.0,43.0
720575940608471900,3,446,1,446,100.0,148.66666666666666
720575940608498780,3,75,1,75,100.0,25.0
720575940608500316,1,12,1,12,100.0,12.0
720575940608501316,1,20,1,20,100.0,20.0
720575940608545219,1,18,1,18,100.0,18.0
720575940608606475,1,7,1,7,100.0,7.0
720575940608707192,4,98,1,98,100.0,24.5
720575940608735241,1,60,1,60,100.0,60.0
720575940608787413,2,201,1,201,100.0,100.5
720575940608836291,1,18,1,18,100.0,18.0
720575940608884693,1,10,1,10,100.0,10.0
720575940608900050,2,51,1,51,100.0,25.5
720575940609030776,2,52,1,52,100.0,26.0
720575940609133269,9,545,1,545,100.0,60.55555555555556
720575940609268316,3,88,1,88,100.0,29.333333333333332
720575940609306563,1,15,1,15,100.0,15.0
720575940609407939,2,46,1,46,100.0,23.0
720575940609423299,5,146,1,146,100.0,29.2
720575940609425874,1,20,1,20,100.0,20.0
720575940609521250,2,49,1,49,100.0,24.5
720575940609592270,9,542,1,542,100.0,60.22222222222222
720575940609834052,1,24,1,24,100.0,24.0
720575940609913042,4,134,1,134,100.0,33.5
720575940609937476,4,448,1,448,100.0,112.0
720575940609941145,1,6,1,6,100.0,6.0
720575940609970090,1,30,1,30,100.0,30.0
720575940609993284,4,118,1,118,100.0,29.5
720575940610000964,8,465,1,465,100.0,58.125
720575940610001220,1,14,1,14,100.0,14.0
720575940610004437,3,105,1,105,100.0,35.0
720575940610024056,1,24,1,24,100.0,24.0
720575940610054980,7,287,1,287,100.0,41.0
720575940610173048,1,67,1,67,100.0,67.0
720575940610232274,5,329,1,329,100.0,65.8
720575940610254810,1,7,1,7,100.0,7.0
720575940610259370,1,20,1,20,100.0,20.0
720575940610356849,1,7,1,7,100.0,7.0
720575940610457457,1,8,1,8,100.0,8.0
720575940610481370,2,94,1,94,100.0,47.0
720575940610482883,2,63,1,63,100.0,31.5
720575940610483162,2,245,1,245,100.0,122.5
720575940610584184,1,21,1,21,100.0,21.0
720575940610604078,1,7,1,7,100.0,7.0
720575940610606126,2,27,1,27,100.0,13.5
720575940610611246,17,890,1,890,100.0,52.35294117647059
720575940610615013,3,54,1,54,100.0,18.0
720575940610623658,1,10,1,10,100.0,10.0
720575940610649442,1,11,1,11,100.0,11.0
720575940610683315,4,232,1,232,100.0,58.0
720575940610708430,3,46,1,46,100.0,15.333333333333334
720575940610711250,1,13,1,13,100.0,13.0
720575940610763874,1,6,1,6,100.0,6.0
720575940610773090,3,141,1,141,100.0,47.0
720575940610846306,1,7,1,7,100.0,7.0
720575940610899666,1,21,1,21,100.0,21.0
720575940610916465,5,230,1,230,100.0,46.0
720575940610956334,3,82,1,82,100.0,27.333333333333332
720575940610981362,2,40,1,40,100.0,20.0
720575940610986006,4,87,1,87,100.0,21.75
720575940611018714,1,100,1,100,100.0,100.0
720575940611106453,1,10,1,10,100.0,10.0
720575940611128782,1,69,1,69,100.0,69.0
720575940611134414,1,21,1,21,100.0,21.0
720575940611151406,1,20,1,20,100.0,20.0
720575940611157746,5,309,1,309,100.0,61.8
720575940611160930,6,465,1,465,100.0,77.5
720575940611164770,2,312,1,312,100.0,156.0
720575940611167842,3,213,1,213,100.0,71.0
720575940611168921,2,24,1,24,100.0,12.0
720575940611184819,2,31,1,31,100.0,15.5
720575940611211417,11,2573,1,2573,100.0,233.9090909090909
720575940611225237,1,21,1,21,100.0,21.0
720575940611248662,2,31,1,31,100.0,15.5
720575940611298522,1,24,1,24,100.0,24.0
720575940611366058,9,321,1,321,100.0,35.666666666666664
720575940611374554,1,5,1,5,100.0,5.0
720575940611411057,1,45,1,45,100.0,45.0
720575940611456661,1,18,1,18,100.0,18.0
720575940611475698,2,40,1,40,100.0,20.0
720575940611496165,2,142,1,142,100.0,71.0
720575940611548878,7,689,1,689,100.0,98.42857142857143
720575940611549902,4,98,1,98,100.0,24.5
720575940611585459,1,10,1,10,100.0,10.0
720575940611630194,1,10,1,10,100.0,10.0
720575940611643033,2,46,1,46,100.0,23.0
720575940611678181,1,7,1,7,100.0,7.0
720575940611682533,1,6,1,6,100.0,6.0
720575940611715813,4,98,1,98,100.0,24.5
720575940611717357,1,14,1,14,100.0,14.0
720575940611756723,4,131,1,131,100.0,32.75
720575940611772083,1,14,1,14,100.0,14.0
720575940611782874,1,20,1,20,100.0,20.0
720575940611812050,7,331,1,331,100.0,47.285714285714285
720575940611817779,1,15,1,15,100.0,15.0
720575940611843754,1,5,1,5,100.0,5.0
720575940611846520,1,6,1,6,100.0,6.0
720575940611849178,4,345,1,345,100.0,86.25
720575940611858906,1,10,1,10,100.0,10.0
720575940611952810,1,36,1,36,100.0,36.0
720575940611958994,1,5,1,5,100.0,5.0
720575940611988197,5,316,1,316,100.0,63.2
720575940611991830,2,92,1,92,100.0,46.0
720575940612019569,4,175,1,175,100.0,43.75
720575940612030899,1,10,1,10,100.0,10.0
720575940612079845,1,5,1,5,100.0,5.0
720575940612208858,4,293,1,293,100.0,73.25
720575940612235747,3,84,1,84,100.0,28.0
720575940612256938,1,44,1,44,100.0,44.0
720575940612261603,4,74,1,74,100.0,18.5
720575940612277090,4,78,1,78,100.0,19.5
720575940612289010,6,147,1,147,100.0,24.5
720575940612303102,2,51,1,51,100.0,25.5
720575940612308776,1,5,1,5,100.0,5.0
720575940612319155,1,20,1,20,100.0,20.0
720575940612354034,3,273,1,273,100.0,91.0
720575940612357618,1,75,1,75,100.0,75.0
720575940612438514,1,17,1,17,100.0,17.0
720575940612470755,6,151,1,151,100.0,25.166666666666668
720575940612490958,1,51,1,51,100.0,51.0
720575940612531370,1,87,1,87,100.0,87.0
720575940612554393,2,35,1,35,100.0,17.5
720575940612556402,1,92,1,92,100.0,92.0
720575940612572131,4,93,1,93,100.0,23.25
720575940612582514,1,13,1,13,100.0,13.0
720575940612599193,1,27,1,27,100.0,27.0
720575940612606105,6,341,1,341,100.0,56.833333333333336
720575940612628195,1,18,1,18,100.0,18.0
720575940612686233,5,352,1,352,100.0,70.4
720575940612692633,11,1398,1,1398,100.0,127.0909090909091
720575940612692889,3,119,1,119,100.0,39.666666666666664
720575940612738197,1,6,1,6,100.0,6.0
720575940612772915,2,57,1,57,100.0,28.5
720575940612910503,1,36,1,36,100.0,36.0
720575940612920386,3,331,1,331,100.0,110.33333333333333
720575940612921571,1,56,1,56,100.0,56.0
720575940612921581,1,6,1,6,100.0,6.0
720575940612950642,1,20,1,20,100.0,20.0
720575940612952557,4,63,1,63,100.0,15.75
720575940612984981,4,105,1,105,100.0,26.25
720575940613004402,2,72,1,72,100.0,36.0
720575940613061118,2,102,1,102,100.0,51.0
720575940613071313,1,60,1,60,100.0,60.0
720575940613080751,1,10,1,10,100.0,10.0
720575940613106582,1,9,1,9,100.0,9.0
720575940613133718,4,251,1,251,100.0,62.75
720575940613170385,7,225,1,225,100.0,32.142857142857146
720575940613222195,2,42,1,42,100.0,21.0
720575940613253091,1,14,1,14,100.0,14.0
720575940613356851,2,14,1,14,100.0,7.0
720575940613419506,2,35,1,35,100.0,17.5
720575940613433519,1,15,1,15,100.0,15.0
720575940613524647,2,124,1,124,100.0,62.0
720575940613527789,4,132,1,132,100.0,33.0
720575940613563117,9,477,1,477,100.0,53.0
720575940613589167,1,18,1,18,100.0,18.0
720575940613640685,17,489,1,489,100.0,28.764705882352942
720575940613670893,6,306,1,306,100.0,51.0
720575940613687789,8,820,1,820,100.0,102.5
720575940613743569,1,21,1,21,100.0,21.0
720575940613746087,1,28,1,28,100.0,28.0
720575940613747734,1,5,1,5,100.0,5.0
720575940613809071,1,7,1,7,100.0,7.0
720575940613825814,5,166,1,166,100.0,33.2
720575940613845516,1,44,1,44,100.0,44.0
720575940613929391,1,36,1,36,100.0,36.0
720575940613943215,6,311,1,311,100.0,51.833333333333336
720575940614062503,1,27,1,27,100.0,27.0
720575940614067507,1,38,1,38,100.0,38.0
720575940614128691,3,100,1,100,100.0,33.333333333333336
720575940614150567,1,21,1,21,100.0,21.0
720575940614211295,3,296,1,296,100.0,98.66666666666667
720575940614273292,1,34,1,34,100.0,34.0
720575940614281266,2,91,1,91,100.0,45.5
720575940614483879,1,7,1,7,100.0,7.0
720575940614572542,10,352,1,352,100.0,35.2
720575940614587615,1,9,1,9,100.0,9.0
720575940614642838,3,36,1,36,100.0,12.0
720575940614660519,8,246,1,246,100.0,30.75
720575940614714262,1,16,1,16,100.0,16.0
720575940614734186,2,49,1,49,100.0,24.5
720575940614736290,6,239,1,239,100.0,39.833333333333336
720575940614763666,1,60,1,60,100.0,60.0
720575940614775592,1,18,1,18,100.0,18.0
720575940614799007,2,92,1,92,100.0,46.0
720575940614830239,3,190,1,190,100.0,63.333333333333336
720575940614916725,5,226,1,226,100.0,45.2
720575940614936543,1,24,1,24,100.0,24.0
720575940614938636,1,6,1,6,100.0,6.0
720575940614942610,1,6,1,6,100.0,6.0
720575940614950194,2,60,1,60,100.0,30.0
720575940614954536,1,5,1,5,100.0,5.0
720575940614965691,1,64,1,64,100.0,64.0
720575940615023535,1,15,1,15,100.0,15.0
720575940615052812,3,92,1,92,100.0,30.666666666666668
720575940615063592,6,99,1,99,100.0,16.5
720575940615071391,1,36,1,36,100.0,36.0
720575940615076162,2,82,1,82,100.0,41.0
720575940615089369,1,46,1,46,100.0,46.0
720575940615134557,1,24,1,24,100.0,24.0
720575940615197747,3,120,1,120,100.0,40.0
720575940615215922,2,46,1,46,100.0,23.0
720575940615228467,1,5,1,5,100.0,5.0
720575940615251339,1,21,1,21,100.0,21.0
720575940615274425,4,140,1,140,100.0,35.0
720575940615296818,9,691,1,691,100.0,76.77777777777777
720575940615330265,2,70,1,70,100.0,35.0
720575940615379686,1,6,1,6,100.0,6.0
720575940615406590,4,215,1,215,100.0,53.75
720575940615480370,2,100,1,100,100.0,50.0
720575940615495839,7,589,1,589,100.0,84.14285714285714
720575940615582111,2,48,1,48,100.0,24.0
720575940615583650,5,190,1,190,100.0,38.0
720575940615598849,1,24,1,24,100.0,24.0
720575940615641798,2,107,1,107,100.0,53.5
720575940615668370,1,15,1,15,100.0,15.0
720575940615671106,2,80,1,80,100.0,40.0
720575940615672130,8,348,1,348,100.0,43.5
720575940615677090,1,24,1,24,100.0,24.0
720575940615742353,3,74,1,74,100.0,24.666666666666668
720575940615749051,1,12,1,12,100.0,12.0
720575940615749819,1,15,1,15,100.0,15.0
720575940615750562,1,5,1,5,100.0,5.0
720575940615763174,1,48,1,48,100.0,48.0
720575940615763573,1,9,1,9,100.0,9.0
720575940615770229,1,6,1,6,100.0,6.0
720575940615770811,1,7,1,7,100.0,7.0
720575940615799308,1,11,1,11,100.0,11.0
720575940615811670,5,658,1,658,100.0,131.6
720575940615868054,1,12,1,12,100.0,12.0
720575940615886534,1,9,1,9,100.0,9.0
720575940615903259,1,28,1,28,100.0,28.0
720575940615929373,1,36,1,36,100.0,36.0
720575940615970015,1,15,1,15,100.0,15.0
720575940616014092,5,109,1,109,100.0,21.8
720575940616018956,11,636,1,636,100.0,57.81818181818182
720575940616056114,1,5,1,5,100.0,5.0
720575940616065254,5,67,1,67,100.0,13.4
720575940616067890,2,39,1,39,100.0,19.5
720575940616071483,1,8,1,8,100.0,8.0
720575940616072221,1,12,1,12,100.0,12.0
720575940616153371,4,69,1,69,100.0,17.25
720575940616162866,9,303,1,303,100.0,33.666666666666664
720575940616163701,1,8,1,8,100.0,8.0
720575940616167218,1,10,1,10,100.0,10.0
720575940616194610,7,227,1,227,100.0,32.42857142857143
720575940616196539,2,30,1,30,100.0,15.0
720575940616200790,6,185,1,185,100.0,30.833333333333332
720575940616264788,1,12,1,12,100.0,12.0
720575940616286395,1,24,1,24,100.0,24.0
720575940616298171,8,367,1,367,100.0,45.875
720575940616308921,2,21,1,21,100.0,10.5
720575940616317211,1,40,1,40,100.0,40.0
720575940616328705,4,92,1,92,100.0,23.0
720575940616344379,1,7,1,7,100.0,7.0
720575940616483414,1,5,1,5,100.0,5.0
720575940616562150,2,132,1,132,100.0,66.0
720575940616597334,4,187,1,187,100.0,46.75
720575940616615453,1,5,1,5,100.0,5.0
720575940616616861,6,451,1,451,100.0,75.16666666666667
720575940616667186,3,206,1,206,100.0,68.66666666666667
720575940616777105,1,20,1,20,100.0,20.0
720575940616829401,1,5,1,5,100.0,5.0
720575940616840665,1,15,1,15,100.0,15.0
720575940616848214,5,343,1,343,100.0,68.6
720575940616851030,2,83,1,83,100.0,41.5
720575940616864217,2,292,1,292,100.0,146.0
720575940616899033,1,24,1,24,100.0,24.0
720575940616971035,2,90,1,90,100.0,45.0
720575940617031385,2,94,1,94,100.0,47.0
720575940617121819,4,652,1,652,100.0,163.0
720575940617151266,4,143,1,143,100.0,35.75
720575940617239197,2,103,1,103,100.0,51.5
720575940617296029,1,45,1,45,100.0,45.0
720575940617299515,6,216,1,216,100.0,36.0
720575940617335382,4,173,1,173,100.0,43.25
720575940617369117,1,20,1,20,100.0,20.0
720575940617398502,1,12,1,12,100.0,12.0
720575940617433830,2,63,1,63,100.0,31.5
720575940617443001,1,8,1,8,100.0,8.0
720575940617448331,1,7,1,7,100.0,7.0
720575940617461204,1,9,1,9,100.0,9.0
720575940617488477,14,796,1,796,100.0,56.857142857142854
720575940617494877,4,117,1,117,100.0,29.25
720575940617497413,1,24,1,24,100.0,24.0
720575940617539355,1,96,1,96,100.0,96.0
720575940617568697,2,37,1,37,100.0,18.5
720575940617591687,1,15,1,15,100.0,15.0
720575940617593233,1,40,1,40,100.0,40.0
720575940617630182,1,28,1,28,100.0,28.0
720575940617636725,8,505,1,505,100.0,63.125
720575940617648453,3,275,1,275,100.0,91.66666666666667
720575940617663537,2,44,1,44,100.0,22.0
720575940617671285,1,20,1,20,100.0,20.0
720575940617678566,13,946,1,946,100.0,72.76923076923077
720575940617688093,1,24,1,24,100.0,24.0
720575940617690658,1,15,1,15,100.0,15.0
720575940617691170,2,92,1,92,100.0,46.0
720575940617755220,4,297,1,297,100.0,74.25
720575940617787963,16,941,1,941,100.0,58.8125
720575940617828766,3,588,1,588,100.0,196.0
720575940617833265,2,74,1,74,100.0,37.0
720575940617835313,1,5,1,5,100.0,5.0
720575940617853986,1,7,1,7,100.0,7.0
720575940617854676,10,354,1,354,100.0,35.4
720575940617950877,3,90,1,90,100.0,30.0
720575940617986683,1,21,1,21,100.0,21.0
720575940618025199,2,280,1,280,100.0,140.0
720575940618029733,2,104,1,104,100.0,52.0
720575940618043806,1,30,1,30,100.0,30.0
720575940618054981,1,5,1,5,100.0,5.0
720575940618118485,8,318,1,318,100.0,39.75
720575940618135419,1,7,1,7,100.0,7.0
720575940618142513,1,18,1,18,100.0,18.0
720575940618165019,5,1193,1,1193,100.0,238.6
720575940618165393,2,28,1,28,100.0,14.0
720575940618165787,11,465,1,465,100.0,42.27272727272727
720575940618166811,16,775,1,775,100.0,48.4375
720575940618325302,1,11,1,11,100.0,11.0
720575940618385718,3,114,1,114,100.0,38.0
720575940618472261,4,230,1,230,100.0,57.5
720575940618514043,2,87,1,87,100.0,43.5
720575940618519454,1,21,1,21,100.0,21.0
720575940618529217,1,24,1,24,100.0,24.0
720575940618539810,5,820,1,820,100.0,164.0
720575940618563664,1,15,1,15,100.0,15.0
720575940618571200,1,5,1,5,100.0,5.0
720575940618586862,1,36,1,36,100.0,36.0
720575940618609317,1,5,1,5,100.0,5.0
720575940618706811,1,22,1,22,100.0,22.0
720575940618788944,14,1409,1,1409,100.0,100.64285714285714
720575940618791515,4,113,1,113,100.0,28.25
720575940618859480,3,78,1,78,100.0,26.0
720575940618887021,1,54,1,54,100.0,54.0
720575940618887217,3,109,1,109,100.0,36.333333333333336
720575940618889931,2,100,1,100,100.0,50.0
720575940618936710,1,21,1,21,100.0,21.0
720575940618943389,2,29,1,29,100.0,14.5
720575940619011494,1,7,1,7,100.0,7.0
720575940619016059,7,720,1,720,100.0,102.85714285714286
720575940619025780,1,28,1,28,100.0,28.0
720575940619028208,2,42,1,42,100.0,21.0
720575940619034782,2,102,1,102,100.0,51.0
720575940619042427,5,237,1,237,100.0,47.4
720575940619047547,1,20,1,20,100.0,20.0
720575940619058334,2,26,1,26,100.0,13.0
720575940619072513,3,154,1,154,100.0,51.333333333333336
720575940619076731,1,27,1,27,100.0,27.0
720575940619103435,1,15,1,15,100.0,15.0
720575940619111515,8,296,1,296,100.0,37.0
720575940619114048,3,68,1,68,100.0,22.666666666666668
720575940619134789,1,19,1,19,100.0,19.0
720575940619155264,1,10,1,10,100.0,10.0
720575940619155403,1,14,1,14,100.0,14.0
720575940619176094,6,237,1,237,100.0,39.5
720575940619197093,3,134,1,134,100.0,44.666666666666664
720575940619310757,2,52,1,52,100.0,26.0
720575940619387814,1,70,1,70,100.0,70.0
720575940619397797,1,24,1,24,100.0,24.0
720575940619398872,1,25,1,25,100.0,25.0
720575940619421823,2,262,1,262,100.0,131.0
720575940619453831,2,72,1,72,100.0,36.0
720575940619473624,19,2486,1,2486,100.0,130.8421052631579
720575940619549867,4,141,1,141,100.0,35.25
720575940619596709,1,27,1,27,100.0,27.0
720575940619601428,1,6,1,6,100.0,6.0
720575940619625792,2,56,1,56,100.0,28.0
720575940619652033,1,28,1,28,100.0,28.0
720575940619658576,7,116,1,116,100.0,16.571428571428573
720575940619659861,1,15,1,15,100.0,15.0
720575940619695750,1,24,1,24,100.0,24.0
720575940619741104,1,42,1,42,100.0,42.0
720575940619757366,1,6,1,6,100.0,6.0
720575940619770608,1,6,1,6,100.0,6.0
720575940619781814,2,32,1,32,100.0,16.0
720575940619793940,1,6,1,6,100.0,6.0
720575940619814997,1,5,1,5,100.0,5.0
720575940619847371,1,12,1,12,100.0,12.0
720575940619865547,1,26,1,26,100.0,26.0
720575940619866059,5,456,1,456,100.0,91.2
720575940619877396,2,44,1,44,100.0,22.0
720575940619888622,1,15,1,15,100.0,15.0
720575940619928929,4,162,1,162,100.0,40.5
720575940619973712,2,72,1,72,100.0,36.0
720575940619990357,4,96,1,96,100.0,24.0
720575940620008112,1,20,1,20,100.0,20.0
720575940620025620,16,767,1,767,100.0,47.9375
720575940620031366,16,717,1,717,100.0,44.8125
720575940620057758,1,51,1,51,100.0,51.0
720575940620061793,3,181,1,181,100.0,60.333333333333336
720575940620093019,1,18,1,18,100.0,18.0
720575940620094366,2,102,1,102,100.0,51.0
720575940620096171,2,68,1,68,100.0,34.0
720575940620098974,1,20,1,20,100.0,20.0
720575940620103595,1,10,1,10,100.0,10.0
720575940620129182,16,963,1,963,100.0,60.1875
720575940620135645,2,44,1,44,100.0,22.0
720575940620156209,1,150,1,150,100.0,150.0
720575940620170887,11,493,1,493,100.0,44.81818181818182
720575940620177543,8,200,1,200,100.0,25.0
720575940620182151,2,379,1,379,100.0,189.5
720575940620217582,3,65,1,65,100.0,21.666666666666668
720575940620262465,22,1974,1,1974,100.0,89.72727272727273
720575940620271636,1,18,1,18,100.0,18.0
720575940620274085,3,63,1,63,100.0,21.0
720575940620292116,5,238,1,238,100.0,47.6
720575940620303380,1,5,1,5,100.0,5.0
720575940620335269,7,359,1,359,100.0,51.285714285714285
720575940620353300,14,920,1,920,100.0,65.71428571428571
720575940620359956,10,469,1,469,100.0,46.9
720575940620374693,1,36,1,36,100.0,36.0
720575940620445062,1,14,1,14,100.0,14.0
720575940620467115,7,297,1,297,100.0,42.42857142857143
720575940620474278,1,75,1,75,100.0,75.0
720575940620494529,1,5,1,5,100.0,5.0
720575940620499115,1,6,1,6,100.0,6.0
720575940620506996,3,47,1,47,100.0,15.666666666666666
720575940620550534,3,82,1,82,100.0,27.333333333333332
720575940620553654,2,92,1,92,100.0,46.0
720575940620626011,3,48,1,48,100.0,16.0
720575940620627035,5,129,1,129,100.0,25.8
720575940620627803,4,214,1,214,100.0,53.5
720575940620633070,1,12,1,12,100.0,12.0
720575940620633947,3,84,1,84,100.0,28.0
720575940620642940,1,36,1,36,100.0,36.0
720575940620672432,3,46,1,46,100.0,15.333333333333334
720575940620692833,4,91,1,91,100.0,22.75
720575940620692974,5,197,1,197,100.0,39.4
720575940620716897,1,12,1,12,100.0,12.0
720575940620748457,2,19,1,19,100.0,9.5
720575940620749807,1,10,1,10,100.0,10.0
720575940620778223,1,42,1,42,100.0,42.0
720575940620780272,20,2818,1,2818,100.0,140.9
720575940620797976,2,48,1,48,100.0,24.0
720575940620818029,2,140,1,140,100.0,70.0
720575940620819659,5,260,1,260,100.0,52.0
720575940620833901,3,35,1,35,100.0,11.666666666666666
720575940620856046,1,120,1,120,100.0,120.0
720575940620878785,2,33,1,33,100.0,16.5
720575940620892781,1,5,1,5,100.0,5.0
720575940620913392,1,27,1,27,100.0,27.0
720575940620982437,6,265,1,265,100.0,44.166666666666664
720575940620994292,1,40,1,40,100.0,40.0
720575940621008895,1,18,1,18,100.0,18.0
720575940621013640,2,52,1,52,100.0,26.0
720575940621040737,1,30,1,30,100.0,30.0
720575940621047632,4,694,1,694,100.0,173.5
720575940621057159,2,64,1,64,100.0,32.0
720575940621057702,1,38,1,38,100.0,38.0
720575940621082623,1,21,1,21,100.0,21.0
720575940621085424,1,21,1,21,100.0,21.0
720575940621089741,1,20,1,20,100.0,20.0
720575940621116073,5,108,1,108,100.0,21.6
720575940621119367,4,114,1,114,100.0,28.5
720575940621129607,1,156,1,156,100.0,156.0
720575940621144385,1,15,1,15,100.0,15.0
720575940621149709,5,147,1,147,100.0,29.4
720575940621150191,7,368,1,368,100.0,52.57142857142857
720575940621218694,6,160,1,160,100.0,26.666666666666668
720575940621241008,1,11,1,11,100.0,11.0
720575940621325150,1,12,1,12,100.0,12.0
720575940621329328,10,472,1,472,100.0,47.2
720575940621332092,5,122,1,122,100.0,24.4
720575940621345012,8,650,1,650,100.0,81.25
720575940621375231,4,176,1,176,100.0,44.0
720575940621442124,1,15,1,15,100.0,15.0
720575940621457690,2,15,1,15,100.0,7.5
720575940621490721,1,5,1,5,100.0,5.0
720575940621566844,1,36,1,36,100.0,36.0
720575940621569728,4,370,1,370,100.0,92.5
720575940621573542,1,10,1,10,100.0,10.0
720575940621586854,1,24,1,24,100.0,24.0
720575940621640363,1,45,1,45,100.0,45.0
720575940621647238,4,97,1,97,100.0,24.25
720575940621651327,1,52,1,52,100.0,52.0
720575940621662332,5,515,1,515,100.0,103.0
720575940621667693,4,63,1,63,100.0,15.75
720575940621668079,2,23,1,23,100.0,11.5
720575940621680264,1,30,1,30,100.0,30.0
720575940621689880,3,263,1,263,100.0,87.66666666666667
720575940621743860,1,105,1,105,100.0,105.0
720575940621750465,1,7,1,7,100.0,7.0
720575940621755888,2,42,1,42,100.0,21.0
720575940621761729,2,37,1,37,100.0,18.5
720575940621763312,3,53,1,53,100.0,17.666666666666668
720575940621771041,1,24,1,24,100.0,24.0
720575940621778381,2,168,1,168,100.0,84.0
720575940621818790,8,522,1,522,100.0,65.25
720575940621827419,6,120,1,120,100.0,20.0
720575940621833281,5,166,1,166,100.0,33.2
720575940621864060,1,28,1,28,100.0,28.0
720575940621870349,6,265,1,265,100.0,44.166666666666664
720575940621894750,5,206,1,206,100.0,41.2
720575940621898665,5,245,1,245,100.0,49.0
720575940621913513,5,176,1,176,100.0,35.2
720575940621916952,3,289,1,289,100.0,96.33333333333333
720575940621928453,1,8,1,8,100.0,8.0
720575940621930710,1,39,1,39,100.0,39.0
720575940621953285,5,157,1,157,100.0,31.4
720575940621957381,3,76,1,76,100.0,25.333333333333332
720575940622018309,2,24,1,24,100.0,12.0
720575940622026245,3,96,1,96,100.0,32.0
720575940622054753,10,318,1,318,100.0,31.8
720575940622116705,2,30,1,30,100.0,15.0
720575940622122083,1,5,1,5,100.0,5.0
720575940622124833,3,58,1,58,100.0,19.333333333333332
720575940622127180,1,5,1,5,100.0,5.0
720575940622137633,1,5,1,5,100.0,5.0
720575940622144648,1,10,1,10,100.0,10.0
720575940622154266,8,240,1,240,100.0,30.0
720575940622160705,1,24,1,24,100.0,24.0
720575940622193546,1,24,1,24,100.0,24.0
720575940622195625,2,26,1,26,100.0,13.0
720575940622199593,2,133,1,133,100.0,66.5
720575940622225800,2,22,1,22,100.0,11.0
720575940622235425,1,15,1,15,100.0,15.0
720575940622236671,3,101,1,101,100.0,33.666666666666664
720575940622273868,1,27,1,27,100.0,27.0
720575940622284947,7,466,1,466,100.0,66.57142857142857
720575940622298631,2,99,1,99,100.0,49.5
720575940622319715,2,20,1,20,100.0,10.0
720575940622335197,5,163,1,163,100.0,32.6
720575940622346180,3,724,1,724,100.0,241.33333333333334
720575940622348156,10,409,1,409,100.0,40.9
720575940622358057,1,84,1,84,100.0,84.0
720575940622371037,1,132,1,132,100.0,132.0
720575940622384311,1,9,1,9,100.0,9.0
720575940622391337,1,21,1,21,100.0,21.0
720575940622415948,5,264,1,264,100.0,52.8
720575940622433799,3,73,1,73,100.0,24.333333333333332
720575940622452715,1,13,1,13,100.0,13.0
720575940622466027,4,153,1,153,100.0,38.25
720575940622474899,5,160,1,160,100.0,32.0
720575940622493260,10,614,1,614,100.0,61.4
720575940622495401,1,24,1,24,100.0,24.0
720575940622500172,2,132,1,132,100.0,66.0
720575940622505156,1,5,1,5,100.0,5.0
720575940622509565,2,116,1,116,100.0,58.0
720575940622515895,3,45,1,45,100.0,15.0
720575940622516941,1,24,1,24,100.0,24.0
720575940622520908,5,141,1,141,100.0,28.2
720575940622540179,1,36,1,36,100.0,36.0
720575940622585224,1,11,1,11,100.0,11.0
720575940622624214,3,77,1,77,100.0,25.666666666666668
720575940622632084,2,17,1,17,100.0,8.5
720575940622657268,2,30,1,30,100.0,15.0
720575940622695448,2,94,1,94,100.0,47.0
720575940622734106,1,20,1,20,100.0,20.0
720575940622743309,1,11,1,11,100.0,11.0
720575940622768408,1,6,1,6,100.0,6.0
720575940622779263,1,5,1,5,100.0,5.0
720575940622779519,1,26,1,26,100.0,26.0
720575940622784039,1,48,1,48,100.0,48.0
720575940622808959,1,15,1,15,100.0,15.0
720575940622810153,17,2018,1,2018,100.0,118.70588235294117
720575940622828056,1,15,1,15,100.0,15.0
720575940622835947,3,128,1,128,100.0,42.666666666666664
720575940622839786,1,44,1,44,100.0,44.0
720575940622853011,3,82,1,82,100.0,27.333333333333332
720575940622853258,3,23,1,23,100.0,7.666666666666667
720575940622863287,4,157,1,157,100.0,39.25
720575940622872870,2,14,1,14,100.0,7.0
720575940622883171,1,15,1,15,100.0,15.0
720575940622934711,1,26,1,26,100.0,26.0
720575940622949820,2,103,1,103,100.0,51.5
720575940622995082,1,12,1,12,100.0,12.0
720575940623011845,3,45,1,45,100.0,15.0
720575940623017989,6,208,1,208,100.0,34.666666666666664
720575940623039838,2,51,1,51,100.0,25.5
720575940623044103,5,147,1,147,100.0,29.4
720575940623097853,3,114,1,114,100.0,38.0
720575940623132621,1,15,1,15,100.0,15.0
720575940623133223,3,136,1,136,100.0,45.333333333333336
720575940623137818,1,5,1,5,100.0,5.0
720575940623139111,1,20,1,20,100.0,20.0
720575940623142426,1,18,1,18,100.0,18.0
720575940623148285,4,91,1,91,100.0,22.75
720575940623149581,2,288,1,288,100.0,144.0
720575940623158154,1,15,1,15,100.0,15.0
720575940623158709,5,432,1,432,100.0,86.4
720575940623164685,1,7,1,7,100.0,7.0
720575940623164941,9,376,1,376,100.0,41.77777777777778
720575940623183083,3,198,1,198,100.0,66.0
720575940623192781,22,1689,1,1689,100.0,76.77272727272727
720575940623202748,2,11,1,11,100.0,5.5
720575940623207885,2,52,1,52,100.0,26.0
720575940623209165,9,279,1,279,100.0,31.0
720575940623211725,1,26,1,26,100.0,26.0
720575940623224555,4,322,1,322,100.0,80.5
720575940623242900,1,15,1,15,100.0,15.0
720575940623290126,1,36,1,36,100.0,36.0
720575940623338281,2,22,1,22,100.0,11.0
720575940623366102,1,7,1,7,100.0,7.0
720575940623377596,1,54,1,54,100.0,54.0
720575940623379750,1,16,1,16,100.0,16.0
720575940623380556,2,35,1,35,100.0,17.5
720575940623432918,1,42,1,42,100.0,42.0
720575940623449382,8,507,1,507,100.0,63.375
720575940623476407,5,211,1,211,100.0,42.2
720575940623507273,3,96,1,96,100.0,32.0
720575940623512467,2,15,1,15,100.0,7.5
720575940623525258,1,7,1,7,100.0,7.0
720575940623535044,13,477,1,477,100.0,36.69230769230769
720575940623579371,1,18,1,18,100.0,18.0
720575940623581930,1,9,1,9,100.0,9.0
720575940623605180,2,50,1,50,100.0,25.0
720575940623609895,2,144,1,144,100.0,72.0
720575940623617973,1,7,1,7,100.0,7.0
720575940623636957,2,72,1,72,100.0,36.0
720575940623654804,3,60,1,60,100.0,20.0
720575940623660558,10,2505,1,2505,100.0,250.5
720575940623675367,9,258,1,258,100.0,28.666666666666668
720575940623676394,4,308,1,308,100.0,77.0
720575940623687757,1,27,1,27,100.0,27.0
720575940623690474,1,24,1,24,100.0,24.0
720575940623696362,3,97,1,97,100.0,32.333333333333336
720575940623737525,5,278,1,278,100.0,55.6
720575940623758377,1,20,1,20,100.0,20.0
720575940623777065,9,376,1,376,100.0,41.77777777777778
720575940623804106,1,32,1,32,100.0,32.0
720575940623817223,1,19,1,19,100.0,19.0
720575940623828999,1,7,1,7,100.0,7.0
720575940623834300,4,741,1,741,100.0,185.25
720575940623843145,2,19,1,19,100.0,9.5
720575940623847181,10,944,1,944,100.0,94.4
720575940623853837,5,94,1,94,100.0,18.8
720575940623865417,1,18,1,18,100.0,18.0
720575940623918121,2,95,1,95,100.0,47.5
720575940623925173,1,8,1,8,100.0,8.0
720575940623960563,1,18,1,18,100.0,18.0
720575940623982323,1,27,1,27,100.0,27.0
720575940623993015,1,24,1,24,100.0,24.0
720575940624007207,1,21,1,21,100.0,21.0
720575940624023188,2,73,1,73,100.0,36.5
720575940624079288,2,148,1,148,100.0,74.0
720575940624079544,3,328,1,328,100.0,109.33333333333333
720575940624139559,1,18,1,18,100.0,18.0
720575940624157001,1,18,1,18,100.0,18.0
720575940624176312,5,442,1,442,100.0,88.4
720575940624216359,1,56,1,56,100.0,56.0
720575940624247787,2,40,1,40,100.0,20.0
720575940624253991,2,29,1,29,100.0,14.5
720575940624263655,2,21,1,21,100.0,10.5
720575940624266061,4,399,1,399,100.0,99.75
720575940624266128,1,10,1,10,100.0,10.0
720575940624289789,2,252,1,252,100.0,126.0
720575940624310345,2,54,1,54,100.0,27.0
720575940624310676,1,19,1,19,100.0,19.0
720575940624310857,5,523,1,523,100.0,104.6
720575940624343822,1,6,1,6,100.0,6.0
720575940624344072,1,54,1,54,100.0,54.0
720575940624377323,2,66,1,66,100.0,33.0
720575940624384304,2,15,1,15,100.0,7.5
720575940624404872,5,96,1,96,100.0,19.2
720575940624427466,2,11,1,11,100.0,5.5
720575940624433027,2,76,1,76,100.0,38.0
720575940624454221,2,42,1,42,100.0,21.0
720575940624461576,1,10,1,10,100.0,10.0
720575940624466440,2,13,1,13,100.0,6.5
720575940624470247,2,96,1,96,100.0,48.0
720575940624528740,12,638,1,638,100.0,53.166666666666664
720575940624530372,4,217,1,217,100.0,54.25
720575940624532408,2,72,1,72,100.0,36.0
720575940624554170,2,112,1,112,100.0,56.0
720575940624600840,10,2031,1,2031,100.0,203.1
720575940624604560,1,44,1,44,100.0,44.0
720575940624607076,5,147,1,147,100.0,29.4
720575940624608442,1,24,1,24,100.0,24.0
720575940624651704,2,11,1,11,100.0,5.5
720575940624712206,1,15,1,15,100.0,15.0
720575940624756297,1,19,1,19,100.0,19.0
720575940624789652,2,88,1,88,100.0,44.0
720575940624799490,1,5,1,5,100.0,5.0
720575940624805765,2,164,1,164,100.0,82.0
720575940624820112,1,15,1,15,100.0,15.0
720575940624856409,1,17,1,17,100.0,17.0
720575940624882407,8,428,1,428,100.0,53.5
720575940624911548,1,36,1,36,100.0,36.0
720575940624913959,2,29,1,29,100.0,14.5
720575940624943800,1,5,1,5,100.0,5.0
720575940624948867,2,160,1,160,100.0,80.0
720575940624950078,1,24,1,24,100.0,24.0
720575940624963786,1,24,1,24,100.0,24.0
720575940624976572,4,244,1,244,100.0,61.0
720575940624986300,2,118,1,118,100.0,59.0
720575940624987175,5,88,1,88,100.0,17.6
720575940624988455,1,37,1,37,100.0,37.0
720575940624994568,1,20,1,20,100.0,20.0
720575940625002936,4,128,1,128,100.0,32.0
720575940625004034,1,7,1,7,100.0,7.0
720575940625005239,2,500,1,500,100.0,250.0
720575940625031610,5,713,1,713,100.0,142.6
720575940625032548,4,177,1,177,100.0,44.25
720575940625045180,11,827,1,827,100.0,75.18181818181819
720575940625102692,3,898,1,898,100.0,299.3333333333333
720575940625115422,2,36,1,36,100.0,18.0
720575940625123453,1,6,1,6,100.0,6.0
720575940625163790,4,185,1,185,100.0,46.25
720575940625164176,1,96,1,96,100.0,96.0
720575940625164558,2,78,1,78,100.0,39.0
720575940625167886,8,343,1,343,100.0,42.875
720575940625172016,23,1536,1,1536,100.0,66.78260869565217
720575940625172238,1,18,1,18,100.0,18.0
720575940625175054,7,185,1,185,100.0,26.428571428571427
720575940625175310,1,40,1,40,100.0,40.0
720575940625178768,6,447,1,447,100.0,74.5
720575940625298276,3,89,1,89,100.0,29.666666666666668
720575940625304094,1,48,1,48,100.0,48.0
720575940625310014,1,7,1,7,100.0,7.0
720575940625334349,2,39,1,39,100.0,19.5
720575940625360670,1,23,1,23,100.0,23.0
720575940625365512,1,5,1,5,100.0,5.0
720575940625376442,1,35,1,35,100.0,35.0
720575940625408796,1,12,1,12,100.0,12.0
720575940625424871,3,151,1,151,100.0,50.333333333333336
720575940625450498,5,315,1,315,100.0,63.0
720575940625454108,2,35,1,35,100.0,17.5
720575940625470526,1,20,1,20,100.0,20.0
720575940625494792,1,5,1,5,100.0,5.0
720575940625515322,1,48,1,48,100.0,48.0
720575940625601594,4,233,1,233,100.0,58.25
720575940625615705,2,136,1,136,100.0,68.0
720575940625663269,1,19,1,19,100.0,19.0
720575940625696601,4,122,1,122,100.0,30.5
720575940625728089,1,28,1,28,100.0,28.0
720575940625740346,1,22,1,22,100.0,22.0
720575940625750105,2,236,1,236,100.0,118.0
720575940625752778,2,44,1,44,100.0,22.0
720575940625799513,2,45,1,45,100.0,22.5
720575940625813140,3,88,1,88,100.0,29.333333333333332
720575940625815562,1,40,1,40,100.0,40.0
720575940625834132,2,99,1,99,100.0,49.5
720575940625841241,1,5,1,5,100.0,5.0
720575940625851676,1,15,1,15,100.0,15.0
720575940625867056,7,131,1,131,100.0,18.714285714285715
720575940625873560,3,118,1,118,100.0,39.333333333333336
720575940625874992,5,652,1,652,100.0,130.4
720575940625875504,11,569,1,569,100.0,51.72727272727273
720575940625907143,2,35,1,35,100.0,17.5
720575940625926693,1,7,1,7,100.0,7.0
720575940625952186,1,39,1,39,100.0,39.0
720575940625978882,1,20,1,20,100.0,20.0
720575940625993656,1,15,1,15,100.0,15.0
720575940626003130,1,18,1,18,100.0,18.0
720575940626015242,3,544,1,544,100.0,181.33333333333334
720575940626015640,4,104,1,104,100.0,26.0
720575940626016017,4,241,1,241,100.0,60.25
720575940626021052,2,35,1,35,100.0,17.5
720575940626075517,2,58,1,58,100.0,29.0
720575940626091722,1,180,1,180,100.0,180.0
720575940626094350,1,51,1,51,100.0,51.0
720575940626132030,1,21,1,21,100.0,21.0
720575940626163658,3,395,1,395,100.0,131.66666666666666
720575940626174564,1,36,1,36,100.0,36.0
720575940626197593,2,46,1,46,100.0,23.0
720575940626201372,1,18,1,18,100.0,18.0
720575940626217226,4,326,1,326,100.0,81.5
720575940626217744,2,42,1,42,100.0,21.0
720575940626227774,2,20,1,20,100.0,10.0
720575940626241636,3,133,1,133,100.0,44.333333333333336
720575940626259458,1,15,1,15,100.0,15.0
720575940626268761,1,15,1,15,100.0,15.0
720575940626278974,1,14,1,14,100.0,14.0
720575940626279742,2,69,1,69,100.0,34.5
720575940626287336,2,64,1,64,100.0,32.0
720575940626289021,1,32,1,32,100.0,32.0
720575940626308697,9,646,1,646,100.0,71.77777777777777
720575940626337479,2,32,1,32,100.0,16.0
720575940626375164,2,52,1,52,100.0,26.0
720575940626376600,2,71,1,71,100.0,35.5
720575940626394114,1,24,1,24,100.0,24.0
720575940626418509,1,36,1,36,100.0,36.0
720575940626449158,2,92,1,92,100.0,46.0
720575940626456081,4,85,1,85,100.0,21.25
720575940626466332,1,11,1,11,100.0,11.0
720575940626468178,2,35,1,35,100.0,17.5
720575940626500745,1,9,1,9,100.0,9.0
720575940626557186,9,389,1,389,100.0,43.22222222222222
720575940626557442,2,74,1,74,100.0,37.0
720575940626567701,2,96,1,96,100.0,48.0
720575940626583836,9,249,1,249,100.0,27.666666666666668
720575940626619398,3,41,1,41,100.0,13.666666666666666
720575940626625813,2,149,1,149,100.0,74.5
720575940626626597,2,108,1,108,100.0,54.0
720575940626654041,1,7,1,7,100.0,7.0
720575940626668218,9,755,1,755,100.0,83.88888888888889
720575940626672058,1,10,1,10,100.0,10.0
720575940626735100,1,36,1,36,100.0,36.0
720575940626767152,2,58,1,58,100.0,29.0
720575940626775824,5,307,1,307,100.0,61.4
720575940626780222,1,13,1,13,100.0,13.0
720575940626798736,1,22,1,22,100.0,22.0
720575940626826288,13,1621,1,1621,100.0,124.6923076923077
720575940626835146,1,48,1,48,100.0,48.0
720575940626856344,1,168,1,168,100.0,168.0
720575940626870846,5,322,1,322,100.0,64.4
720575940626878460,1,7,1,7,100.0,7.0
720575940626919144,1,18,1,18,100.0,18.0
720575940626939737,1,36,1,36,100.0,36.0
720575940626941080,3,204,1,204,100.0,68.0
720575940626953561,3,103,1,103,100.0,34.333333333333336
720575940626960536,15,873,1,873,100.0,58.2
720575940626961241,1,30,1,30,100.0,30.0
720575940626968216,1,5,1,5,100.0,5.0
720575940626972056,3,44,1,44,100.0,14.666666666666666
720575940626972568,4,189,1,189,100.0,47.25
720575940626974737,2,59,1,59,100.0,29.5
720575940626983952,4,886,1,886,100.0,221.5
720575940626994453,1,9,1,9,100.0,9.0
720575940626999464,4,83,1,83,100.0,20.75
720575940627002776,1,15,1,15,100.0,15.0
720575940627004459,5,335,1,335,100.0,67.0
720575940627044901,1,20,1,20,100.0,20.0
720575940627045202,1,12,1,12,100.0,12.0
720575940627047400,1,18,1,18,100.0,18.0
720575940627062088,3,204,1,204,100.0,68.0
720575940627080872,1,30,1,30,100.0,30.0
720575940627081534,1,20,1,20,100.0,20.0
720575940627083294,1,21,1,21,100.0,21.0
720575940627086594,6,173,1,173,100.0,28.833333333333332
720575940627107721,4,286,1,286,100.0,71.5
720575940627110824,2,27,1,27,100.0,13.5
720575940627113544,4,266,1,266,100.0,66.5
720575940627117193,1,16,1,16,100.0,16.0
720575940627182217,5,195,1,195,100.0,39.0
720575940627196691,1,11,1,11,100.0,11.0
720575940627244200,4,55,1,55,100.0,13.75
720575940627265265,1,62,1,62,100.0,62.0
720575940627274578,1,38,1,38,100.0,38.0
720575940627275795,14,669,1,669,100.0,47.785714285714285
720575940627285267,1,15,1,15,100.0,15.0
720575940627312104,1,7,1,7,100.0,7.0
720575940627356459,2,25,1,25,100.0,12.5
720575940627357457,2,30,1,30,100.0,15.0
720575940627359109,5,257,1,257,100.0,51.4
720575940627359228,2,43,1,43,100.0,21.5
720575940627383685,2,90,1,90,100.0,45.0
720575940627394376,1,10,1,10,100.0,10.0
720575940627397263,2,55,1,55,100.0,27.5
720575940627402568,4,300,1,300,100.0,75.0
720575940627403578,4,219,1,219,100.0,54.75
720575940627410451,2,48,1,48,100.0,24.0
720575940627418387,4,133,1,133,100.0,33.25
720575940627419962,6,486,1,486,100.0,81.0
720575940627429907,5,154,1,154,100.0,30.8
720575940627438906,4,225,1,225,100.0,56.25
720575940627444490,1,11,1,11,100.0,11.0
720575940627447068,1,8,1,8,100.0,8.0
720575940627454569,5,292,1,292,100.0,58.4
720575940627478171,2,84,1,84,100.0,42.0
720575940627486485,1,14,1,14,100.0,14.0
720575940627492866,5,120,1,120,100.0,24.0
720575940627493638,1,45,1,45,100.0,45.0
720575940627513210,1,24,1,24,100.0,24.0
720575940627514627,1,24,1,24,100.0,24.0
720575940627538690,2,61,1,61,100.0,30.5
720575940627556868,2,55,1,55,100.0,27.5
720575940627578156,2,116,1,116,100.0,58.0
720575940627638037,1,8,1,8,100.0,8.0
720575940627646280,1,24,1,24,100.0,24.0
720575940627667530,4,146,1,146,100.0,36.5
720575940627686455,1,11,1,11,100.0,11.0
720575940627709956,1,32,1,32,100.0,32.0
720575940627713040,1,68,1,68,100.0,68.0
720575940627739023,4,307,1,307,100.0,76.75
720575940627764780,1,18,1,18,100.0,18.0
720575940627796298,1,30,1,30,100.0,30.0
720575940627814728,1,64,1,64,100.0,64.0
720575940627815080,8,328,1,328,100.0,41.0
720575940627826929,1,24,1,24,100.0,24.0
720575940627827697,2,46,1,46,100.0,23.0
720575940627828040,3,212,1,212,100.0,70.66666666666667
720575940627828296,11,938,1,938,100.0,85.27272727272727
720575940627829064,1,20,1,20,100.0,20.0
720575940627847752,4,160,1,160,100.0,40.0
720575940627955578,1,8,1,8,100.0,8.0
720575940627989609,1,30,1,30,100.0,30.0
720575940628003304,1,15,1,15,100.0,15.0
720575940628023685,1,10,1,10,100.0,10.0
720575940628030440,1,9,1,9,100.0,9.0
720575940628034876,1,5,1,5,100.0,5.0
720575940628070419,7,159,1,159,100.0,22.714285714285715
720575940628095593,3,92,1,92,100.0,30.666666666666668
720575940628119127,2,67,1,67,100.0,33.5
720575940628125715,1,18,1,18,100.0,18.0
720575940628131778,4,447,1,447,100.0,111.75
720575940628137713,1,12,1,12,100.0,12.0
720575940628149763,1,12,1,12,100.0,12.0
720575940628198503,3,358,1,358,100.0,119.33333333333333
720575940628211499,4,208,1,208,100.0,52.0
720575940628319899,8,311,1,311,100.0,38.875
720575940628326522,1,24,1,24,100.0,24.0
720575940628329546,6,206,1,206,100.0,34.333333333333336
720575940628345610,1,10,1,10,100.0,10.0
720575940628378440,3,42,1,42,100.0,14.0
720575940628386295,3,115,1,115,100.0,38.333333333333336
720575940628391686,4,144,1,144,100.0,36.0
720575940628422555,4,135,1,135,100.0,33.75
720575940628436282,5,109,1,109,100.0,21.8
720575940628446010,2,124,1,124,100.0,62.0
720575940628452823,1,5,1,5,100.0,5.0
720575940628462927,8,453,1,453,100.0,56.625
720575940628492712,1,36,1,36,100.0,36.0
720575940628504081,1,8,1,8,100.0,8.0
720575940628524150,2,78,1,78,100.0,39.0
720575940628538368,1,15,1,15,100.0,15.0
720575940628561628,2,20,1,20,100.0,10.0
720575940628572815,1,21,1,21,100.0,21.0
720575940628590697,2,248,1,248,100.0,124.0
720575940628598121,8,245,1,245,100.0,30.625
720575940628616271,1,11,1,11,100.0,11.0
720575940628644218,1,43,1,43,100.0,43.0
720575940628659305,2,93,1,93,100.0,46.5
720575940628668009,5,112,1,112,100.0,22.4
720575940628673474,2,104,1,104,100.0,52.0
720575940628675433,1,42,1,42,100.0,42.0
720575940628680553,5,142,1,142,100.0,28.4
720575940628684023,4,39,1,39,100.0,9.75
720575940628686695,3,95,1,95,100.0,31.666666666666668
720575940628709019,1,6,1,6,100.0,6.0
720575940628733699,1,5,1,5,100.0,5.0
720575940628743752,23,2358,1,2358,100.0,102.52173913043478
720575940628755815,4,296,1,296,100.0,74.0
720575940628780309,4,120,1,120,100.0,30.0
720575940628784066,2,25,1,25,100.0,12.5
720575940628787016,3,103,1,103,100.0,34.333333333333336
720575940628800506,1,12,1,12,100.0,12.0
720575940628802069,1,10,1,10,100.0,10.0
720575940628815381,4,118,1,118,100.0,29.5
720575940628825210,1,5,1,5,100.0,5.0
720575940628832256,1,62,1,62,100.0,62.0
720575940628857850,2,72,1,72,100.0,36.0
720575940628869648,1,20,1,20,100.0,20.0
720575940628891774,1,17,1,17,100.0,17.0
720575940628923907,1,24,1,24,100.0,24.0
720575940628936898,3,113,1,113,100.0,37.666666666666664
720575940628949839,1,8,1,8,100.0,8.0
720575940628962407,1,15,1,15,100.0,15.0
720575940628972048,1,34,1,34,100.0,34.0
720575940628973827,4,218,1,218,100.0,54.5
720575940628975107,2,40,1,40,100.0,20.0
720575940628995331,3,84,1,84,100.0,28.0
720575940628997123,1,72,1,72,100.0,72.0
720575940628998659,1,38,1,38,100.0,38.0
720575940629009468,3,487,1,487,100.0,162.33333333333334
720575940629017591,1,42,1,42,100.0,42.0
720575940629024591,3,88,1,88,100.0,29.333333333333332
720575940629032603,1,6,1,6,100.0,6.0
720575940629060986,2,12,1,12,100.0,6.0
720575940629081849,2,68,1,68,100.0,34.0
720575940629098028,3,47,1,47,100.0,15.666666666666666
720575940629111490,6,185,1,185,100.0,30.833333333333332
720575940629112258,1,35,1,35,100.0,35.0
720575940629112887,1,6,1,6,100.0,6.0
720575940629146711,2,61,1,61,100.0,30.5
720575940629201724,1,5,1,5,100.0,5.0
720575940629207963,1,108,1,108,100.0,108.0
720575940629211607,1,48,1,48,100.0,48.0
720575940629244359,1,7,1,7,100.0,7.0
720575940629266988,3,90,1,90,100.0,30.0
720575940629270339,1,15,1,15,100.0,15.0
720575940629285879,3,442,1,442,100.0,147.33333333333334
720575940629358807,4,310,1,310,100.0,77.5
720575940629370844,3,795,1,795,100.0,265.0
720575940629377218,2,31,1,31,100.0,15.5
720575940629392439,1,5,1,5,100.0,5.0
720575940629416318,1,20,1,20,100.0,20.0
720575940629421415,1,60,1,60,100.0,60.0
720575940629422183,3,85,1,85,100.0,28.333333333333332
720575940629470838,14,1082,1,1082,100.0,77.28571428571429
720575940629477675,1,18,1,18,100.0,18.0
720575940629481516,2,224,1,224,100.0,112.0
720575940629531351,1,30,1,30,100.0,30.0
720575940629539628,1,30,1,30,100.0,30.0
720575940629548107,3,45,1,45,100.0,15.0
720575940629564688,1,18,1,18,100.0,18.0
720575940629576451,1,42,1,42,100.0,42.0
720575940629677417,4,85,1,85,100.0,21.25
720575940629701451,1,18,1,18,100.0,18.0
720575940629717097,2,59,1,59,100.0,29.5
720575940629764906,1,24,1,24,100.0,24.0
720575940629766266,2,160,1,160,100.0,80.0
720575940629773276,1,10,1,10,100.0,10.0
720575940629778554,22,1538,1,1538,100.0,69.9090909090909
720575940629786998,2,24,1,24,100.0,12.0
720575940629792060,1,7,1,7,100.0,7.0
720575940629804158,1,24,1,24,100.0,24.0
720575940629822842,4,86,1,86,100.0,21.5
720575940629837563,2,89,1,89,100.0,44.5
720575940629839947,1,40,1,40,100.0,40.0
720575940629852419,1,51,1,51,100.0,51.0
720575940629878479,4,265,1,265,100.0,66.25
720575940629888530,1,28,1,28,100.0,28.0
720575940629897260,1,6,1,6,100.0,6.0
720575940629917771,1,7,1,7,100.0,7.0
720575940629936348,1,6,1,6,100.0,6.0
720575940629943148,1,5,1,5,100.0,5.0
720575940630005622,3,180,1,180,100.0,60.0
720575940630034231,5,89,1,89,100.0,17.8
720575940630052546,1,6,1,6,100.0,6.0
720575940630182972,16,1183,1,1183,100.0,73.9375
720575940630195909,1,24,1,24,100.0,24.0
720575940630229007,3,102,1,102,100.0,34.0
720575940630232380,10,776,1,776,100.0,77.6
720575940630233404,5,949,1,949,100.0,189.8
720575940630250860,1,9,1,9,100.0,9.0
720575940630281687,1,15,1,15,100.0,15.0
720575940630311528,2,48,1,48,100.0,24.0
720575940630349905,2,33,1,33,100.0,16.5
720575940630393427,1,28,1,28,100.0,28.0
720575940630397527,1,8,1,8,100.0,8.0
720575940630403031,1,13,1,13,100.0,13.0
720575940630461404,2,111,1,111,100.0,55.5
720575940630461660,3,116,1,116,100.0,38.666666666666664
720575940630470391,7,248,1,248,100.0,35.42857142857143
720575940630484687,1,27,1,27,100.0,27.0
720575940630506344,1,53,1,53,100.0,53.0
720575940630510454,1,18,1,18,100.0,18.0
720575940630548751,13,761,1,761,100.0,58.53846153846154
720575940630564712,1,5,1,5,100.0,5.0
720575940630579574,3,101,1,101,100.0,33.666666666666664
720575940630589036,18,1700,1,1700,100.0,94.44444444444444
720575940630597839,2,75,1,75,100.0,37.5
720575940630605881,2,31,1,31,100.0,15.5
720575940630620207,1,6,1,6,100.0,6.0
720575940630644727,1,5,1,5,100.0,5.0
720575940630644807,1,8,1,8,100.0,8.0
720575940630665210,3,101,1,101,100.0,33.666666666666664
720575940630667372,6,526,1,526,100.0,87.66666666666667
720575940630670454,3,207,1,207,100.0,69.0
720575940630670890,4,102,1,102,100.0,25.5
720575940630674038,2,40,1,40,100.0,20.0
720575940630679801,3,190,1,190,100.0,63.333333333333336
720575940630683385,9,705,1,705,100.0,78.33333333333333
720575940630691958,3,308,1,308,100.0,102.66666666666667
720575940630702789,1,14,1,14,100.0,14.0
720575940630724652,2,158,1,158,100.0,79.0
720575940630771449,11,1677,1,1677,100.0,152.45454545454547
720575940630773495,2,154,1,154,100.0,77.0
720575940630806267,3,160,1,160,100.0,53.333333333333336
720575940630810486,2,33,1,33,100.0,16.5
720575940630829051,1,5,1,5,100.0,5.0
720575940630839371,2,22,1,22,100.0,11.0
720575940630867148,2,51,1,51,100.0,25.5
720575940630868793,5,1001,1,1001,100.0,200.2
720575940630882039,1,36,1,36,100.0,36.0
720575940630887737,1,18,1,18,100.0,18.0
720575940630893196,10,2536,1,2536,100.0,253.6
720575940630911991,1,24,1,24,100.0,24.0
720575940630955205,1,14,1,14,100.0,14.0
720575940630968335,1,42,1,42,100.0,42.0
720575940630980559,1,52,1,52,100.0,52.0
720575940630991311,5,300,1,300,100.0,60.0
720575940631056185,4,122,1,122,100.0,30.5
720575940631069255,2,24,1,24,100.0,12.0
720575940631082124,4,236,1,236,100.0,59.0
720575940631092943,18,2118,1,2118,100.0,117.66666666666667
720575940631092947,2,142,1,142,100.0,71.0
720575940631103744,1,10,1,10,100.0,10.0
720575940631106664,2,110,1,110,100.0,55.0
720575940631168057,1,16,1,16,100.0,16.0
720575940631201055,1,5,1,5,100.0,5.0
720575940631204163,5,279,1,279,100.0,55.8
720575940631260716,1,5,1,5,100.0,5.0
720575940631284511,2,68,1,68,100.0,34.0
720575940631293202,4,212,1,212,100.0,53.0
720575940631295506,1,32,1,32,100.0,32.0
720575940631299090,6,402,1,402,100.0,67.0
720575940631299602,4,101,1,101,100.0,25.25
720575940631309866,1,24,1,24,100.0,24.0
720575940631327739,1,21,1,21,100.0,21.0
720575940631328763,2,22,1,22,100.0,11.0
720575940631331855,2,81,1,81,100.0,40.5
720575940631340815,2,42,1,42,100.0,21.0
720575940631349335,5,155,1,155,100.0,31.0
720575940631365340,5,293,1,293,100.0,58.6
720575940631366061,2,15,1,15,100.0,7.5
720575940631371991,1,57,1,57,100.0,57.0
720575940631406411,1,28,1,28,100.0,28.0
720575940631507596,1,24,1,24,100.0,24.0
720575940631530148,1,5,1,5,100.0,5.0
720575940631588772,1,15,1,15,100.0,15.0
720575940631595603,1,24,1,24,100.0,24.0
720575940631622225,3,32,1,32,100.0,10.666666666666666
720575940631639500,3,108,1,108,100.0,36.0
720575940631643532,2,56,1,56,100.0,28.0
720575940631703608,2,42,1,42,100.0,21.0
720575940631745367,1,57,1,57,100.0,57.0
720575940631758393,1,15,1,15,100.0,15.0
720575940631773388,1,21,1,21,100.0,21.0
720575940631787693,6,169,1,169,100.0,28.166666666666668
720575940631842360,1,33,1,33,100.0,33.0
720575940631901409,2,55,1,55,100.0,27.5
720575940631915801,1,10,1,10,100.0,10.0
720575940631918649,2,41,1,41,100.0,20.5
720575940631923304,1,9,1,9,100.0,9.0
720575940631939432,2,33,1,33,100.0,16.5
720575940631940377,2,50,1,50,100.0,25.0
720575940631965357,2,60,1,60,100.0,30.0
720575940631968599,3,86,1,86,100.0,28.666666666666668
720575940631983464,2,35,1,35,100.0,17.5
720575940631989352,1,7,1,7,100.0,7.0
720575940631994728,3,81,1,81,100.0,27.0
720575940631997032,8,216,1,216,100.0,27.0
720575940631999080,14,663,1,663,100.0,47.357142857142854
720575940632013387,1,24,1,24,100.0,24.0
720575940632028216,5,563,1,563,100.0,112.6
720575940632029496,5,156,1,156,100.0,31.2
720575940632047890,1,98,1,98,100.0,98.0
720575940632078873,1,32,1,32,100.0,32.0
720575940632118156,8,240,1,240,100.0,30.0
720575940632134227,8,298,1,298,100.0,37.25
720575940632146340,2,55,1,55,100.0,27.5
720575940632250285,1,5,1,5,100.0,5.0
720575940632281927,12,1510,1,1510,100.0,125.83333333333333
720575940632293346,1,136,1,136,100.0,136.0
720575940632302161,1,16,1,16,100.0,16.0
720575940632304711,10,490,1,490,100.0,49.0
720575940632320815,1,8,1,8,100.0,8.0
720575940632341452,2,77,1,77,100.0,38.5
720575940632365905,5,132,1,132,100.0,26.4
720575940632379467,1,6,1,6,100.0,6.0
720575940632407826,2,52,1,52,100.0,26.0
720575940632423394,6,207,1,207,100.0,34.5
720575940632464146,2,71,1,71,100.0,35.5
720575940632467923,1,11,1,11,100.0,11.0
720575940632486969,5,298,1,298,100.0,59.6
720575940632524559,2,60,1,60,100.0,30.0
720575940632525920,1,27,1,27,100.0,27.0
720575940632545834,1,8,1,8,100.0,8.0
720575940632587932,1,42,1,42,100.0,42.0
720575940632588748,1,33,1,33,100.0,33.0
720575940632596449,1,5,1,5,100.0,5.0
720575940632602532,14,809,1,809,100.0,57.785714285714285
720575940632633133,1,6,1,6,100.0,6.0
720575940632640287,6,110,1,110,100.0,18.333333333333332
720575940632659404,11,1098,1,1098,100.0,99.81818181818181
720575940632670156,1,15,1,15,100.0,15.0
720575940632695904,1,6,1,6,100.0,6.0
720575940632706970,1,36,1,36,100.0,36.0
720575940632726220,1,9,1,9,100.0,9.0
720575940632727756,5,708,1,708,100.0,141.6
720575940632732217,1,26,1,26,100.0,26.0
720575940632734033,2,188,1,188,100.0,94.0
720575940632828264,1,10,1,10,100.0,10.0
720575940632839763,3,105,1,105,100.0,35.0
720575940632852124,1,20,1,20,100.0,20.0
720575940632873261,15,1116,1,1116,100.0,74.4
720575940632894690,2,128,1,128,100.0,64.0
720575940632900503,1,25,1,25,100.0,25.0
720575940632960813,1,11,1,11,100.0,11.0
720575940632998028,8,500,1,500,100.0,62.5
720575940633017903,2,14,1,14,100.0,7.0
720575940633065901,1,20,1,20,100.0,20.0
720575940633075885,1,24,1,24,100.0,24.0
720575940633165980,13,1503,1,1503,100.0,115.61538461538461
720575940633185567,1,38,1,38,100.0,38.0
720575940633195148,1,6,1,6,100.0,6.0
720575940633213792,7,458,1,458,100.0,65.42857142857143
720575940633228172,1,5,1,5,100.0,5.0
720575940633277209,2,48,1,48,100.0,24.0
720575940633303988,1,18,1,18,100.0,18.0
720575940633315921,2,44,1,44,100.0,22.0
720575940633316563,2,234,1,234,100.0,117.0
720575940633366242,2,173,1,173,100.0,86.5
720575940633373651,11,693,1,693,100.0,63.0
720575940633406745,1,24,1,24,100.0,24.0
720575940633455073,1,14,1,14,100.0,14.0
720575940633518176,2,64,1,64,100.0,32.0
720575940633521828,2,29,1,29,100.0,14.5
720575940633529548,2,81,1,81,100.0,40.5
720575940633563679,1,18,1,18,100.0,18.0
720575940633571020,4,291,1,291,100.0,72.75
720575940633607649,1,18,1,18,100.0,18.0
720575940633626337,1,10,1,10,100.0,10.0
720575940633639063,5,108,1,108,100.0,21.6
720575940633652216,1,10,1,10,100.0,10.0
720575940633711028,1,20,1,20,100.0,20.0
720575940633762714,3,26,1,26,100.0,8.666666666666666
720575940633772257,3,434,1,434,100.0,144.66666666666666
720575940633791935,6,460,1,460,100.0,76.66666666666667
720575940633813940,2,41,1,41,100.0,20.5
720575940633824864,3,89,1,89,100.0,29.666666666666668
720575940633850579,1,11,1,11,100.0,11.0
720575940633881848,1,12,1,12,100.0,12.0
720575940633906076,1,15,1,15,100.0,15.0
720575940633909344,1,5,1,5,100.0,5.0
720575940633919992,2,132,1,132,100.0,66.0
720575940633941293,19,2246,1,2246,100.0,118.21052631578948
720575940633996883,2,26,1,26,100.0,13.0
720575940634057884,1,41,1,41,100.0,41.0
720575940634079639,1,7,1,7,100.0,7.0
720575940634085786,2,100,1,100,100.0,50.0
720575940634085983,1,6,1,6,100.0,6.0
720575940634093337,2,26,1,26,100.0,13.0
720575940634105439,6,244,1,244,100.0,40.666666666666664
720575940634186906,1,44,1,44,100.0,44.0
720575940634194783,1,5,1,5,100.0,5.0
720575940634210155,2,117,1,117,100.0,58.5
720575940634260636,1,6,1,6,100.0,6.0
720575940634278295,1,86,1,86,100.0,86.0
720575940634301852,1,48,1,48,100.0,48.0
720575940634475616,1,5,1,5,100.0,5.0
720575940634645600,6,131,1,131,100.0,21.833333333333332
720575940634683743,1,56,1,56,100.0,56.0
720575940634699119,6,146,1,146,100.0,24.333333333333332
720575940634776511,1,18,1,18,100.0,18.0
720575940634782359,1,20,1,20,100.0,20.0
720575940634825623,2,44,1,44,100.0,22.0
720575940634844408,4,81,1,81,100.0,20.25
720575940634859188,1,18,1,18,100.0,18.0
720575940634887054,1,40,1,40,100.0,40.0
720575940634900855,2,66,1,66,100.0,33.0
720575940634904677,1,21,1,21,100.0,21.0
720575940635119723,1,45,1,45,100.0,45.0
720575940635157902,1,10,1,10,100.0,10.0
720575940635166571,2,56,1,56,100.0,28.0
720575940635179871,10,381,1,381,100.0,38.1
720575940635184735,2,23,1,23,100.0,11.5
720575940635202155,3,68,1,68,100.0,22.666666666666668
720575940635202204,1,20,1,20,100.0,20.0
720575940635210859,4,95,1,95,100.0,23.75
720575940635211115,1,48,1,48,100.0,48.0
720575940635211768,2,110,1,110,100.0,55.0
720575940635212143,7,207,1,207,100.0,29.571428571428573
720575940635239672,3,58,1,58,100.0,19.333333333333332
720575940635280632,2,22,1,22,100.0,11.0
720575940635297911,5,888,1,888,100.0,177.6
720575940635322524,1,28,1,28,100.0,28.0
720575940635360924,5,231,1,231,100.0,46.2
720575940635391845,5,133,1,133,100.0,26.6
720575940635491508,1,5,1,5,100.0,5.0
720575940635527092,6,99,1,99,100.0,16.5
720575940635527322,4,316,1,316,100.0,79.0
720575940635530871,1,20,1,20,100.0,20.0
720575940635596212,5,227,1,227,100.0,45.4
720575940635596468,2,156,1,156,100.0,78.0
720575940635630308,2,95,1,95,100.0,47.5
720575940635642725,1,5,1,5,100.0,5.0
720575940635696279,3,28,1,28,100.0,9.333333333333334
720575940635751269,1,13,1,13,100.0,13.0
720575940635807130,3,130,1,130,100.0,43.333333333333336
720575940635816304,1,5,1,5,100.0,5.0
720575940635861146,4,78,1,78,100.0,19.5
720575940635870831,1,10,1,10,100.0,10.0
720575940636008366,1,5,1,5,100.0,5.0
720575940636148325,1,11,1,11,100.0,11.0
720575940636165624,7,278,1,278,100.0,39.714285714285715
720575940636168628,2,55,1,55,100.0,27.5
720575940636263543,1,13,1,13,100.0,13.0
720575940636346487,2,29,1,29,100.0,14.5
720575940636351118,1,8,1,8,100.0,8.0
720575940636489140,1,21,1,21,100.0,21.0
720575940636541285,8,942,1,942,100.0,117.75
720575940636552805,1,6,1,6,100.0,6.0
720575940636592270,1,36,1,36,100.0,36.0
720575940636608142,1,21,1,21,100.0,21.0
720575940636633848,1,14,1,14,100.0,14.0
720575940636649061,1,28,1,28,100.0,28.0
720575940636675214,1,126,1,126,100.0,126.0
720575940636685454,1,9,1,9,100.0,9.0
720575940636734382,4,88,1,88,100.0,22.0
720575940636748095,1,8,1,8,100.0,8.0
720575940636828334,2,130,1,130,100.0,65.0
720575940636895406,2,32,1,32,100.0,16.0
720575940636985422,2,89,1,89,100.0,44.5
720575940636990064,1,10,1,10,100.0,10.0
720575940637068400,1,7,1,7,100.0,7.0
720575940637072350,3,176,1,176,100.0,58.666666666666664
720575940637098352,1,15,1,15,100.0,15.0
720575940637101375,1,45,1,45,100.0,45.0
720575940637130985,1,24,1,24,100.0,24.0
720575940637144944,7,527,1,527,100.0,75.28571428571429
720575940637165028,2,55,1,55,100.0,27.5
720575940637184326,1,20,1,20,100.0,20.0
720575940637192169,1,24,1,24,100.0,24.0
720575940637209822,1,24,1,24,100.0,24.0
720575940637232447,2,68,1,68,100.0,34.0
720575940637296356,2,165,1,165,100.0,82.5
720575940637330921,1,22,1,22,100.0,22.0
720575940637360730,8,328,1,328,100.0,41.0
720575940637397309,1,14,1,14,100.0,14.0
720575940637416026,1,6,1,6,100.0,6.0
720575940637507645,2,173,1,173,100.0,86.5
720575940637530084,2,17,1,17,100.0,8.5
720575940637562469,1,15,1,15,100.0,15.0
720575940637568838,1,10,1,10,100.0,10.0
720575940637580102,2,42,1,42,100.0,21.0
720575940637599204,1,27,1,27,100.0,27.0
720575940637603038,1,7,1,7,100.0,7.0
720575940637611877,1,5,1,5,100.0,5.0
720575940637650522,1,9,1,9,100.0,9.0
720575940637656286,3,81,1,81,100.0,27.0
720575940637664357,1,15,1,15,100.0,15.0
720575940637686750,3,162,1,162,100.0,54.0
720575940637742150,4,131,1,131,100.0,32.75
720575940637742911,2,66,1,66,100.0,33.0
720575940637747519,4,296,1,296,100.0,74.0
720575940637790527,2,44,1,44,100.0,22.0
720575940637861294,1,16,1,16,100.0,16.0
720575940637878854,1,7,1,7,100.0,7.0
720575940637934308,1,23,1,23,100.0,23.0
720575940637936710,10,349,1,349,100.0,34.9
720575940637951977,1,6,1,6,100.0,6.0
720575940637956698,3,85,1,85,100.0,28.333333333333332
720575940638001498,1,60,1,60,100.0,60.0
720575940638024794,2,307,1,307,100.0,153.5
720575940638041459,1,10,1,10,100.0,10.0
720575940638092634,2,12,1,12,100.0,6.0
720575940638103349,4,171,1,171,100.0,42.75
720575940638125887,2,78,1,78,100.0,39.0
720575940638128573,1,5,1,5,100.0,5.0
720575940638137200,1,5,1,5,100.0,5.0
720575940638202345,1,12,1,12,100.0,12.0
720575940638218173,4,213,1,213,100.0,53.25
720575940638237662,1,20,1,20,100.0,20.0
720575940638312262,1,18,1,18,100.0,18.0
720575940638360960,2,30,1,30,100.0,15.0
720575940638412928,1,5,1,5,100.0,5.0
720575940638419534,11,2477,1,2477,100.0,225.1818181818182
720575940638482877,1,11,1,11,100.0,11.0
720575940638540221,1,9,1,9,100.0,9.0
720575940638608803,2,149,1,149,100.0,74.5
720575940638638670,2,77,1,77,100.0,38.5
720575940638642547,3,61,1,61,100.0,20.333333333333332
720575940638663221,2,164,1,164,100.0,82.0
720575940638673478,1,5,1,5,100.0,5.0
720575940638684248,1,10,1,10,100.0,10.0
720575940638714694,2,92,1,92,100.0,46.0
720575940638723133,1,7,1,7,100.0,7.0
720575940638774606,1,15,1,15,100.0,15.0
720575940638775640,1,8,1,8,100.0,8.0
720575940638813016,4,119,1,119,100.0,29.75
720575940638886307,1,26,1,26,100.0,26.0
720575940638928868,1,10,1,10,100.0,10.0
720575940638954611,1,9,1,9,100.0,9.0
720575940638975184,1,17,1,17,100.0,17.0
720575940639040675,1,124,1,124,100.0,124.0
720575940639053146,1,5,1,5,100.0,5.0
720575940639068605,2,60,1,60,100.0,30.0
720575940639180963,1,5,1,5,100.0,5.0
720575940639206077,9,417,1,417,100.0,46.333333333333336
720575940639227224,5,552,1,552,100.0,110.4
720575940639274147,4,108,1,108,100.0,27.0
720575940639512192,17,889,1,889,100.0,52.294117647058826
720575940639555928,1,5,1,5,100.0,5.0
720575940639623795,1,15,1,15,100.0,15.0
720575940639672893,2,25,1,25,100.0,12.5
720575940639688064,2,29,1,29,100.0,14.5
720575940639756093,3,66,1,66,100.0,22.0
720575940639769715,5,71,1,71,100.0,14.2
720575940639772221,1,20,1,20,100.0,20.0
720575940639785379,1,9,1,9,100.0,9.0
720575940639786915,5,161,1,161,100.0,32.2
720575940639787683,4,256,1,256,100.0,64.0
720575940639813365,4,93,1,93,100.0,23.25
720575940639826339,1,18,1,18,100.0,18.0
720575940639831459,9,290,1,290,100.0,32.22222222222222
720575940639956643,5,196,1,196,100.0,39.2
720575940639972816,2,44,1,44,100.0,22.0
720575940639993819,6,470,1,470,100.0,78.33333333333333
720575940639994456,4,223,1,223,100.0,55.75
720575940640032600,1,20,1,20,100.0,20.0
720575940640348149,1,6,1,6,100.0,6.0
720575940640390709,1,20,1,20,100.0,20.0
720575940640456923,1,6,1,6,100.0,6.0
720575940640469848,2,20,1,20,100.0,10.0
720575940640554045,1,5,1,5,100.0,5.0
720575940640601563,2,81,1,81,100.0,40.5
720575940640681680,1,25,1,25,100.0,25.0
720575940641220853,2,23,1,23,100.0,11.5
720575940641229520,2,103,1,103,100.0,51.5
720575940641284853,3,100,1,100,100.0,33.333333333333336
720575940641536987,4,109,1,109,100.0,27.25
720575940641546715,2,51,1,51,100.0,25.5
720575940641590491,2,84,1,84,100.0,42.0
720575940641648091,6,612,1,612,100.0,102.0
720575940641780187,1,9,1,9,100.0,9.0
720575940642088333,2,72,1,72,100.0,36.0
720575940642151565,1,53,1,53,100.0,53.0
720575940642422517,1,15,1,15,100.0,15.0
720575940642428045,11,426,1,426,100.0,38.72727272727273
720575940642715040,1,19,1,19,100.0,19.0
720575940642884000,1,18,1,18,100.0,18.0
720575940642910152,5,352,1,352,100.0,70.4
720575940643041992,2,136,1,136,100.0,68.0
720575940643065032,4,284,1,284,100.0,71.0
720575940643191575,1,32,1,32,100.0,32.0
720575940643251748,1,18,1,18,100.0,18.0
720575940643288868,1,6,1,6,100.0,6.0
720575940643311501,1,18,1,18,100.0,18.0
720575940643325581,7,323,1,323,100.0,46.142857142857146
720575940643569518,1,6,1,6,100.0,6.0
720575940643700640,1,59,1,59,100.0,59.0
720575940643703831,3,178,1,178,100.0,59.333333333333336
720575940643782048,1,6,1,6,100.0,6.0
720575940643867296,15,3378,1,3378,100.0,225.2
720575940643882184,1,36,1,36,100.0,36.0
720575940644157988,1,11,1,11,100.0,11.0
720575940644464544,6,255,1,255,100.0,42.5
720575940644464919,1,20,1,20,100.0,20.0
720575940644659236,1,15,1,15,100.0,15.0
720575940644666148,1,24,1,24,100.0,24.0
720575940644666660,1,5,1,5,100.0,5.0
720575940644669732,3,181,1,181,100.0,60.333333333333336
720575940644672548,5,167,1,167,100.0,33.4
720575940644676900,2,93,1,93,100.0,46.5
720575940644750116,3,310,1,310,100.0,103.33333333333333
720575940644849431,1,8,1,8,100.0,8.0
720575940645039383,6,163,1,163,100.0,27.166666666666668
720575940645056791,4,56,1,56,100.0,14.0
720575940645084548,2,41,1,41,100.0,20.5
720575940645108936,2,90,1,90,100.0,45.0
720575940645126020,1,18,1,18,100.0,18.0
720575940645173960,2,84,1,84,100.0,42.0
720575940645495587,3,191,1,191,100.0,63.666666666666664
720575940645527918,5,288,1,288,100.0,57.6
720575940645537902,1,5,1,5,100.0,5.0
720575940645601572,1,5,1,5,100.0,5.0
720575940645697828,1,35,1,35,100.0,35.0
720575940645743412,3,133,1,133,100.0,44.333333333333336
720575940646088068,2,57,1,57,100.0,28.5
720575940646160948,1,7,1,7,100.0,7.0
720575940646212996,2,191,1,191,100.0,95.5
720575940646250804,2,111,1,111,100.0,55.5
720575940646274670,7,797,1,797,100.0,113.85714285714286
720575940646353699,1,6,1,6,100.0,6.0
720575940646488430,1,33,1,33,100.0,33.0
720575940646663044,2,33,1,33,100.0,16.5
720575940646735156,1,7,1,7,100.0,7.0
720575940646736772,1,17,1,17,100.0,17.0
720575940646930996,2,248,1,248,100.0,124.0
720575940647006516,1,24,1,24,100.0,24.0
720575940647010356,1,33,1,33,100.0,33.0
720575940647030324,8,336,1,336,100.0,42.0
720575940647030580,11,808,1,808,100.0,73.45454545454545
720575940647033396,5,183,1,183,100.0,36.6
720575940647037492,1,6,1,6,100.0,6.0
720575940647060532,4,82,1,82,100.0,20.5
720575940647084164,1,8,1,8,100.0,8.0
720575940647560500,2,40,1,40,100.0,20.0
720575940647606148,5,146,1,146,100.0,29.2
720575940647907124,1,44,1,44,100.0,44.0
720575940647963513,1,25,1,25,100.0,25.0
720575940648055673,1,20,1,20,100.0,20.0
720575940648180868,5,475,1,475,100.0,95.0
720575940648188548,4,97,1,97,100.0,24.25
720575940648377209,1,32,1,32,100.0,32.0
720575940648564612,1,6,1,6,100.0,6.0
720575940648654468,1,14,1,14,100.0,14.0
720575940648864633,7,417,1,417,100.0,59.57142857142857
720575940649812857,1,56,1,56,100.0,56.0
720575940651329526,1,7,1,7,100.0,7.0
720575940651601910,2,92,1,92,100.0,46.0
720575940652306934,1,5,1,5,100.0,5.0
720575940652490742,1,21,1,21,100.0,21.0
720575940652580086,2,25,1,25,100.0,12.5
720575940654057889,14,765,1,765,100.0,54.642857142857146
720575940654185377,1,9,1,9,100.0,9.0
720575940655011489,7,572,1,572,100.0,81.71428571428571
720575940655015329,2,18,1,18,100.0,9.0
720575940657585025,1,20,1,20,100.0,20.0
720575940657653633,2,47,1,47,100.0,23.5
720575940658442625,7,488,1,488,100.0,69.71428571428571
720575940660123777,3,92,1,92,100.0,30.666666666666668
720575940660220289,2,56,1,56,100.0,28.0
720575940660223873,4,385,1,385,100.0,96.25
720575940660224641,4,275,1,275,100.0,68.75
720575940660233601,1,14,1,14,100.0,14.0
720575940661338497,15,1657,1,1657,100.0,110.46666666666667
