pre_root_id,post_root_id,syn_count,origin_set
720575940606388146,720575940608713993,55,set_5
720575940606388146,720575940609922372,140,set_5
720575940606388146,720575940609993284,85,set_5
720575940606388146,720575940610524339,65,set_5
720575940606388146,720575940611548878,30,set_5
720575940606388146,720575940612470755,30,set_5
720575940606388146,720575940612692633,195,set_5
720575940606388146,720575940613004402,60,set_5
720575940606388146,720575940613170385,25,set_5
720575940606388146,720575940613222195,50,set_5
720575940606388146,720575940613640685,195,set_5
720575940606388146,720575940614635175,80,set_5
720575940606388146,720575940614714514,495,set_5
720575940606388146,720575940614736290,40,set_5
720575940606388146,720575940614954536,25,set_5
720575940606388146,720575940615197747,35,set_5
720575940606388146,720575940615292895,55,set_5
720575940606388146,720575940615495839,110,set_5
720575940606388146,720575940615894614,630,set_5
720575940606388146,720575940616065254,25,set_5
720575940606388146,720575940616162866,145,set_5
720575940606388146,720575940617393625,30,set_5
720575940606388146,720575940617663537,50,set_5
720575940606388146,720575940618165019,205,set_5
720575940606388146,720575940618165787,95,set_5
720575940606388146,720575940618788944,30,set_5
720575940606388146,720575940618963732,30,set_5
720575940606388146,720575940619128699,250,set_5
720575940606388146,720575940619549867,105,set_5
720575940606388146,720575940619781814,110,set_5
720575940606388146,720575940619900507,185,set_5
720575940606388146,720575940620025620,140,set_5
720575940606388146,720575940620031366,45,set_5
720575940606388146,720575940620553094,30,set_5
720575940606388146,720575940620627035,170,set_5
720575940606388146,720575940620735258,70,set_5
720575940606388146,720575940621329328,45,set_5
720575940606388146,720575940621827419,40,set_5
720575940606388146,720575940621833281,35,set_5
720575940606388146,720575940621894750,275,set_5
720575940606388146,720575940622123144,235,set_5
720575940606388146,720575940622284947,45,set_5
720575940606388146,720575940622657268,165,set_5
720575940606388146,720575940622810153,240,set_5
720575940606388146,720575940623261675,75,set_5
720575940606388146,720575940623535044,350,set_5
720575940606388146,720575940623690474,140,set_5
720575940606388146,720575940623861962,35,set_5
720575940606388146,720575940624928284,145,set_5
720575940606388146,720575940625004034,25,set_5
720575940606388146,720575940625167886,60,set_5
720575940606388146,720575940625339981,85,set_5
720575940606388146,720575940625376442,120,set_5
720575940606388146,720575940625454108,190,set_5
720575940606388146,720575940625813140,85,set_5
720575940606388146,720575940625874992,245,set_5
720575940606388146,720575940626075517,80,set_5
720575940606388146,720575940626127432,30,set_5
720575940606388146,720575940626197593,90,set_5
720575940606388146,720575940626243428,285,set_5
720575940606388146,720575940626919144,115,set_5
720575940606388146,720575940626972056,40,set_5
720575940606388146,720575940627107271,615,set_5
720575940606388146,720575940627275795,270,set_5
720575940606388146,720575940627356459,355,set_5
720575940606388146,720575940627814728,35,set_5
720575940606388146,720575940627829064,30,set_5
720575940606388146,720575940628463042,60,set_5
720575940606388146,720575940628598121,300,set_5
720575940606388146,720575940628676457,430,set_5
720575940606388146,720575940628743752,205,set_5
720575940606388146,720575940629778554,85,set_5
720575940606388146,720575940630233404,25,set_5
720575940606388146,720575940630470391,95,set_5
720575940606388146,720575940630504466,85,set_5
720575940606388146,720575940630605881,40,set_5
720575940606388146,720575940630664556,1070,set_5
720575940606388146,720575940630775801,40,set_5
720575940606388146,720575940630868793,265,set_5
720575940606388146,720575940631111983,170,set_5
720575940606388146,720575940631179831,60,set_5
720575940606388146,720575940631619948,240,set_5
720575940606388146,720575940631742381,60,set_5
720575940606388146,720575940631787693,80,set_5
720575940606388146,720575940632118156,205,set_5
720575940606388146,720575940633195148,55,set_5
720575940606388146,720575940633639063,30,set_5
720575940606388146,720575940633824864,25,set_5
720575940606388146,720575940634090777,70,set_5
720575940606388146,720575940634093337,120,set_5
720575940606388146,720575940634105439,215,set_5
720575940606388146,720575940634645600,345,set_5
720575940606388146,720575940634659508,65,set_5
720575940606388146,720575940635297911,255,set_5
720575940606388146,720575940635360924,110,set_5
720575940606388146,720575940635751269,30,set_5
720575940606388146,720575940636165624,295,set_5
720575940606388146,720575940637936710,160,set_5
720575940606388146,720575940639756093,45,set_5
720575940606388146,720575940643823470,125,set_5
720575940606388146,720575940644464544,110,set_5
720575940606388146,720575940644750116,30,set_5
720575940606388146,720575940645527918,145,set_5
720575940606388146,720575940646156420,200,set_5
720575940606388146,720575940652580086,25,set_5
720575940610611246,720575940605682790,775,set_5
720575940610611246,720575940607345586,35,set_5
720575940610611246,720575940608370645,80,set_5
720575940610611246,720575940609922372,560,set_5
720575940610611246,720575940610604334,70,set_5
720575940610611246,720575940611018865,260,set_5
720575940610611246,720575940612208858,30,set_5
720575940610611246,720575940613640685,110,set_5
720575940610611246,720575940614635175,25,set_5
720575940610611246,720575940614714514,40,set_5
720575940610611246,720575940614954536,85,set_5
720575940610611246,720575940615197747,120,set_5
720575940610611246,720575940615495839,80,set_5
720575940610611246,720575940616071483,245,set_5
720575940610611246,720575940617299515,75,set_5
720575940610611246,720575940617488477,45,set_5
720575940610611246,720575940617917579,30,set_5
720575940610611246,720575940618135419,50,set_5
720575940610611246,720575940618165019,230,set_5
720575940610611246,720575940618165787,335,set_5
720575940610611246,720575940618539810,30,set_5
720575940610611246,720575940618936710,30,set_5
720575940610611246,720575940619549867,60,set_5
720575940610611246,720575940620025620,110,set_5
720575940610611246,720575940620553094,50,set_5
720575940610611246,720575940620741102,405,set_5
720575940610611246,720575940620819659,35,set_5
720575940610611246,720575940621116073,145,set_5
720575940610611246,720575940621763312,25,set_5
720575940610611246,720575940622074206,75,set_5
720575940610611246,720575940622415948,225,set_5
720575940610611246,720575940622810153,200,set_5
720575940610611246,720575940622835947,25,set_5
720575940610611246,720575940623004552,25,set_5
720575940610611246,720575940623029395,25,set_5
720575940610611246,720575940623044103,40,set_5
720575940610611246,720575940623066893,25,set_5
720575940610611246,720575940623272328,70,set_5
720575940610611246,720575940623535044,95,set_5
720575940610611246,720575940623737525,30,set_5
720575940610611246,720575940624352970,25,set_5
720575940610611246,720575940624466440,40,set_5
720575940610611246,720575940624913959,100,set_5
720575940610611246,720575940624928284,80,set_5
720575940610611246,720575940625045180,265,set_5
720575940610611246,720575940625081290,45,set_5
720575940610611246,720575940625167886,30,set_5
720575940610611246,720575940625339981,160,set_5
720575940610611246,720575940625376442,35,set_5
720575940610611246,720575940625740346,40,set_5
720575940610611246,720575940625807152,505,set_5
720575940610611246,720575940625813140,100,set_5
720575940610611246,720575940626197593,40,set_5
720575940610611246,720575940626555153,40,set_5
720575940610611246,720575940626583836,50,set_5
720575940610611246,720575940626705497,260,set_5
720575940610611246,720575940626919144,200,set_5
720575940610611246,720575940627254856,200,set_5
720575940610611246,720575940627275795,275,set_5
720575940610611246,720575940627312668,930,set_5
720575940610611246,720575940627359228,170,set_5
720575940610611246,720575940627667530,200,set_5
720575940610611246,720575940627828040,295,set_5
720575940610611246,720575940628070419,85,set_5
720575940610611246,720575940628319899,175,set_5
720575940610611246,720575940628598121,165,set_5
720575940610611246,720575940628676457,30,set_5
720575940610611246,720575940628743752,255,set_5
720575940610611246,720575940628885160,50,set_5
720575940610611246,720575940629266988,125,set_5
720575940610611246,720575940629595633,130,set_5
720575940610611246,720575940629778554,375,set_5
720575940610611246,720575940630461404,60,set_5
720575940610611246,720575940630470391,140,set_5
720575940610611246,720575940630504466,55,set_5
720575940610611246,720575940630683385,25,set_5
720575940610611246,720575940630771449,320,set_5
720575940610611246,720575940630868793,120,set_5
720575940610611246,720575940631111983,130,set_5
720575940610611246,720575940631179831,500,set_5
720575940610611246,720575940631939415,90,set_5
720575940610611246,720575940631968599,25,set_5
720575940610611246,720575940632118156,325,set_5
720575940610611246,720575940632998028,100,set_5
720575940610611246,720575940633170643,25,set_5
720575940610611246,720575940633824864,115,set_5
720575940610611246,720575940634090777,95,set_5
720575940610611246,720575940634093337,160,set_5
720575940610611246,720575940634645600,125,set_5
720575940610611246,720575940634659508,120,set_5
720575940610611246,720575940635229303,280,set_5
720575940610611246,720575940635360924,415,set_5
720575940610611246,720575940635816926,35,set_5
720575940610611246,720575940636165624,80,set_5
720575940610611246,720575940637936710,355,set_5
720575940610611246,720575940639206077,55,set_5
720575940610611246,720575940639512192,80,set_5
720575940610611246,720575940641284853,35,set_5
720575940610611246,720575940643823470,155,set_5
720575940610611246,720575940643867296,90,set_5
720575940610611246,720575940644464544,60,set_5
720575940610611246,720575940644672548,30,set_5
720575940610611246,720575940645527918,110,set_5
720575940610611246,720575940646156420,95,set_5
720575940610611246,720575940646192692,30,set_5
720575940610611246,720575940648708228,215,set_5
720575940610611246,720575940649081465,635,set_5
720575940610611246,720575940651736566,395,set_5
720575940612235747,720575940611782874,10,set_5
720575940612235747,720575940616167730,64,set_5
720575940612235747,720575940617630182,10,set_5
720575940612235747,720575940619310757,34,set_5
720575940612235747,720575940620359956,14,set_5
720575940612235747,720575940623476407,32,set_5
720575940612235747,720575940623718380,24,set_5
720575940612235747,720575940627182217,42,set_5
720575940612235747,720575940628995587,56,set_5
720575940612235747,720575940632873261,14,set_5
720575940612235747,720575940641284853,12,set_5
720575940612289010,720575940615824011,25,set_5
720575940612289010,720575940621633683,75,set_5
720575940612289010,720575940622319715,35,set_5
720575940612289010,720575940624987394,35,set_5
720575940612289010,720575940625137497,25,set_5
720575940612289010,720575940626308697,35,set_5
720575940612289010,720575940630157643,35,set_5
720575940612289010,720575940630504466,45,set_5
720575940612289010,720575940630620207,30,set_5
720575940612289010,720575940632879842,50,set_5
720575940612289010,720575940633715831,25,set_5
720575940612357618,720575940607272649,10,set_5
720575940612357618,720575940608498780,14,set_5
720575940612357618,720575940612354034,54,set_5
720575940612357618,720575940612888178,116,set_5
720575940612357618,720575940613347299,20,set_5
720575940612357618,720575940615583650,88,set_5
720575940612357618,720575940616194610,34,set_5
720575940612357618,720575940617552057,26,set_5
720575940612357618,720575940619114048,38,set_5
720575940612357618,720575940619771375,10,set_5
720575940612357618,720575940619973712,14,set_5
720575940612357618,720575940620274085,54,set_5
720575940612357618,720575940621261296,36,set_5
720575940612357618,720575940622452715,30,set_5
720575940612357618,720575940623132621,26,set_5
720575940612357618,720575940623352063,22,set_5
720575940612357618,720575940623847181,12,set_5
720575940612357618,720575940625852464,12,set_5
720575940612357618,720575940626094350,162,set_5
720575940612357618,720575940626099214,82,set_5
720575940612357618,720575940626826288,76,set_5
720575940612357618,720575940627410451,10,set_5
720575940612357618,720575940628997123,166,set_5
720575940612357618,720575940629805950,18,set_5
720575940612357618,720575940631280721,12,set_5
720575940612357618,720575940631918649,114,set_5
720575940612357618,720575940631939432,12,set_5
720575940612357618,720575940632028216,14,set_5
720575940612357618,720575940633277209,16,set_5
720575940612357618,720575940637578853,12,set_5
720575940612357618,720575940640589171,16,set_5
720575940612357618,720575940644653348,12,set_5
720575940612357618,720575940644666148,20,set_5
720575940612357618,720575940647060532,54,set_5
720575940612357618,720575940655015329,48,set_5
720575940612738197,720575940608400323,18,set_5
720575940612738197,720575940610986006,12,set_5
720575940612738197,720575940612572131,22,set_5
720575940612738197,720575940613944994,12,set_5
720575940612738197,720575940616840665,18,set_5
720575940612738197,720575940617691170,32,set_5
720575940612738197,720575940619436225,20,set_5
720575940612738197,720575940620262465,10,set_5
720575940612738197,720575940620550534,16,set_5
720575940612738197,720575940621373052,10,set_5
720575940612738197,720575940622828056,24,set_5
720575940612738197,720575940622994323,10,set_5
720575940612738197,720575940623217577,68,set_5
720575940612738197,720575940624860599,10,set_5
720575940612738197,720575940626500745,50,set_5
720575940612738197,720575940626750089,12,set_5
720575940612738197,720575940628741379,12,set_5
720575940612738197,720575940629422183,10,set_5
720575940612738197,720575940629951852,12,set_5
720575940614965691,720575940605300140,15,set_5
720575940614965691,720575940610054980,18,set_5
720575940614965691,720575940610356849,18,set_5
720575940614965691,720575940610610841,15,set_5
720575940614965691,720575940613120721,24,set_5
720575940614965691,720575940613356851,48,set_5
720575940614965691,720575940614753653,24,set_5
720575940614965691,720575940617636213,63,set_5
720575940614965691,720575940620096171,27,set_5
720575940614965691,720575940620672432,21,set_5
720575940614965691,720575940620833901,69,set_5
720575940614965691,720575940621490721,207,set_5
720575940614965691,720575940622515895,24,set_5
720575940614965691,720575940623078071,18,set_5
720575940614965691,720575940623620586,33,set_5
720575940614965691,720575940624222205,15,set_5
720575940614965691,720575940624532408,39,set_5
720575940614965691,720575940624659789,24,set_5
720575940614965691,720575940625841241,15,set_5
720575940614965691,720575940625874992,54,set_5
720575940614965691,720575940626974737,54,set_5
720575940614965691,720575940627276474,30,set_5
720575940614965691,720575940628209152,81,set_5
720575940614965691,720575940630620207,24,set_5
720575940614965691,720575940630670890,48,set_5
720575940614965691,720575940631008824,18,set_5
720575940614965691,720575940631394920,30,set_5
720575940614965691,720575940633304601,36,set_5
720575940614965691,720575940635527092,105,set_5
720575940614965691,720575940635954879,51,set_5
720575940614965691,720575940638989219,33,set_5
720575940614965691,720575940645878068,51,set_5
720575940615071391,720575940607071106,20,set_5
720575940615071391,720575940610054980,14,set_5
720575940615071391,720575940610584945,16,set_5
720575940615071391,720575940610606126,12,set_5
720575940615071391,720575940611715813,12,set_5
720575940615071391,720575940612261603,32,set_5
720575940615071391,720575940612277090,18,set_5
720575940615071391,720575940612339123,44,set_5
720575940615071391,720575940612564135,20,set_5
720575940615071391,720575940614128691,22,set_5
720575940615071391,720575940614763666,34,set_5
720575940615071391,720575940616167730,198,set_5
720575940615071391,720575940617299515,28,set_5
720575940615071391,720575940617346718,10,set_5
720575940615071391,720575940617398745,14,set_5
720575940615071391,720575940617494877,30,set_5
720575940615071391,720575940619310757,10,set_5
720575940615071391,720575940619973712,138,set_5
720575940615071391,720575940620262465,32,set_5
720575940615071391,720575940620335269,20,set_5
720575940615071391,720575940620359956,88,set_5
720575940615071391,720575940620445062,38,set_5
720575940615071391,720575940620550534,10,set_5
720575940615071391,720575940621149709,24,set_5
720575940615071391,720575940621218694,22,set_5
720575940615071391,720575940621827419,62,set_5
720575940615071391,720575940622235425,10,set_5
720575940615071391,720575940622391337,10,set_5
720575940615071391,720575940622695448,56,set_5
720575940615071391,720575940622931976,20,set_5
720575940615071391,720575940623476407,36,set_5
720575940615071391,720575940623617973,90,set_5
720575940615071391,720575940623718380,10,set_5
720575940615071391,720575940624600840,20,set_5
720575940615071391,720575940624988455,40,set_5
720575940615071391,720575940625705930,22,set_5
720575940615071391,720575940625867056,14,set_5
720575940615071391,720575940626191306,16,set_5
720575940615071391,720575940626826288,42,set_5
720575940615071391,720575940627182217,26,set_5
720575940615071391,720575940627383685,36,set_5
720575940615071391,720575940627404858,18,set_5
720575940615071391,720575940628034044,10,set_5
720575940615071391,720575940628675433,10,set_5
720575940615071391,720575940628683063,36,set_5
720575940615071391,720575940628825210,42,set_5
720575940615071391,720575940628936898,16,set_5
720575940615071391,720575940628995331,22,set_5
720575940615071391,720575940628995587,84,set_5
720575940615071391,720575940629422183,90,set_5
720575940615071391,720575940629642693,14,set_5
720575940615071391,720575940629822842,12,set_5
720575940615071391,720575940630589036,14,set_5
720575940615071391,720575940631065144,10,set_5
720575940615071391,720575940631092943,16,set_5
720575940615071391,720575940631314908,22,set_5
720575940615071391,720575940631349335,10,set_5
720575940615071391,720575940631923304,12,set_5
720575940615071391,720575940632030008,12,set_5
720575940615071391,720575940632873261,38,set_5
720575940615071391,720575940633170969,110,set_5
720575940615071391,720575940633277209,106,set_5
720575940615071391,720575940633941293,22,set_5
720575940615071391,720575940634085983,10,set_5
720575940615071391,720575940636346487,14,set_5
720575940615071391,720575940636675214,48,set_5
720575940615071391,720575940637296356,20,set_5
720575940615071391,720575940637656286,12,set_5
720575940615071391,720575940639786915,16,set_5
720575940615071391,720575940644750116,22,set_5
720575940615071391,720575940647060532,14,set_5
720575940615071391,720575940655011489,10,set_5
720575940616298171,720575940607162754,98,set_5
720575940616298171,720575940607375794,12,set_5
720575940616298171,720575940608451420,14,set_5
720575940616298171,720575940609423299,16,set_5
720575940616298171,720575940609993284,12,set_5
720575940616298171,720575940611167842,170,set_5
720575940616298171,720575940612208858,12,set_5
720575940616298171,720575940615672130,32,set_5
720575940616298171,720575940616194610,18,set_5
720575940616298171,720575940617678566,12,set_5
720575940616298171,720575940617999700,14,set_5
720575940616298171,720575940618028125,12,set_5
720575940616298171,720575940618514043,68,set_5
720575940616298171,720575940619058334,10,set_5
720575940616298171,720575940620156209,176,set_5
720575940616298171,720575940620353300,36,set_5
720575940616298171,720575940621833281,10,set_5
720575940616298171,720575940622054753,18,set_5
720575940616298171,720575940622195625,12,set_5
720575940616298171,720575940623132621,22,set_5
720575940616298171,720575940623164685,14,set_5
720575940616298171,720575940623211725,10,set_5
720575940616298171,720575940623676394,122,set_5
720575940616298171,720575940623918121,70,set_5
720575940616298171,720575940624023188,10,set_5
720575940616298171,720575940624461576,16,set_5
720575940616298171,720575940624986300,60,set_5
720575940616298171,720575940625737776,12,set_5
720575940616298171,720575940626780222,10,set_5
720575940616298171,720575940626960536,28,set_5
720575940616298171,720575940626961241,18,set_5
720575940616298171,720575940627062088,14,set_5
720575940616298171,720575940627107721,118,set_5
720575940616298171,720575940627293540,12,set_5
720575940616298171,720575940627418387,72,set_5
720575940616298171,720575940627429907,96,set_5
720575940616298171,720575940627826760,12,set_5
720575940616298171,720575940628070419,22,set_5
720575940616298171,720575940629377218,14,set_5
720575940616298171,720575940630589036,10,set_5
720575940616298171,720575940630691958,118,set_5
720575940616298171,720575940630839371,12,set_5
720575940616298171,720575940631293202,24,set_5
720575940616298171,720575940631328763,24,set_5
720575940616298171,720575940632486969,112,set_5
720575940616298171,720575940635527322,12,set_5
720575940616298171,720575940638024794,12,set_5
720575940616298171,720575940638842933,10,set_5
720575940616298171,720575940638928868,16,set_5
720575940616298171,720575940639831459,18,set_5
720575940616298171,720575940639994456,108,set_5
720575940616298171,720575940641648091,20,set_5
720575940616298171,720575940645697828,12,set_5
720575940616298171,720575940647010356,10,set_5
720575940616298171,720575940648188548,86,set_5
720575940616298171,720575940660233601,26,set_5
720575940616791709,720575940604791217,70,set_5
720575940616791709,720575940605443017,45,set_5
720575940616791709,720575940606866377,85,set_5
720575940616791709,720575940607345586,45,set_5
720575940616791709,720575940608471900,30,set_5
720575940616791709,720575940609592270,40,set_5
720575940616791709,720575940609922372,70,set_5
720575940616791709,720575940610986006,40,set_5
720575940616791709,720575940611715813,50,set_5
720575940616791709,720575940612772915,250,set_5
720575940616791709,720575940613640685,25,set_5
720575940616791709,720575940613825814,60,set_5
720575940616791709,720575940614714514,25,set_5
720575940616791709,720575940615063592,35,set_5
720575940616791709,720575940616829401,25,set_5
720575940616791709,720575940617678566,195,set_5
720575940616791709,720575940617787963,495,set_5
720575940616791709,720575940618135419,35,set_5
720575940616791709,720575940619042427,390,set_5
720575940616791709,720575940619757366,30,set_5
720575940616791709,720575940620025620,50,set_5
720575940616791709,720575940620217582,165,set_5
720575940616791709,720575940620262465,275,set_5
720575940616791709,720575940620353300,120,set_5
720575940616791709,720575940620692974,60,set_5
720575940616791709,720575940620748457,45,set_5
720575940616791709,720575940621256384,35,set_5
720575940616791709,720575940621755888,150,set_5
720575940616791709,720575940622124833,45,set_5
720575940616791709,720575940622433799,45,set_5
720575940616791709,720575940622810153,130,set_5
720575940616791709,720575940622853258,25,set_5
720575940616791709,720575940623017989,60,set_5
720575940616791709,720575940623148285,25,set_5
720575940616791709,720575940623192781,30,set_5
720575940616791709,720575940623737525,65,set_5
720575940616791709,720575940624176312,40,set_5
720575940616791709,720575940624263655,35,set_5
720575940616791709,720575940624384304,45,set_5
720575940616791709,720575940624928284,45,set_5
720575940616791709,720575940625002936,70,set_5
720575940616791709,720575940625172016,30,set_5
720575940616791709,720575940625807152,30,set_5
720575940616791709,720575940626583836,105,set_5
720575940616791709,720575940626826288,195,set_5
720575940616791709,720575940626960536,925,set_5
720575940616791709,720575940627275795,35,set_5
720575940616791709,720575940628070419,125,set_5
720575940616791709,720575940628644218,215,set_5
720575940616791709,720575940628743752,35,set_5
720575940616791709,720575940629111490,40,set_5
720575940616791709,720575940629677417,55,set_5
720575940616791709,720575940629778554,65,set_5
720575940616791709,720575940630470391,425,set_5
720575940616791709,720575940630670890,35,set_5
720575940616791709,720575940632873261,30,set_5
720575940616791709,720575940633941293,35,set_5
720575940616791709,720575940634090777,85,set_5
720575940616791709,720575940634699119,40,set_5
720575940616791709,720575940635179871,55,set_5
720575940616791709,720575940635212143,145,set_5
720575940616791709,720575940635527092,35,set_5
720575940616791709,720575940637936710,30,set_5
720575940616791709,720575940639769715,55,set_5
720575940616791709,720575940640348149,30,set_5
720575940616791709,720575940643288868,30,set_5
720575940616791709,720575940643325581,30,set_5
720575940616791709,720575940643867296,205,set_5
720575940616791709,720575940644464544,365,set_5
720575940616791709,720575940644672548,180,set_5
720575940616791709,720575940649081465,125,set_5
720575940616921152,720575940604791217,70,set_5
720575940616921152,720575940606866377,55,set_5
720575940616921152,720575940609993284,135,set_5
720575940616921152,720575940612423922,35,set_5
720575940616921152,720575940612772915,35,set_5
720575940616921152,720575940613170385,90,set_5
720575940616921152,720575940613356851,30,set_5
720575940616921152,720575940614660519,25,set_5
720575940616921152,720575940614714514,215,set_5
720575940616921152,720575940614736290,260,set_5
720575940616921152,720575940615063592,35,set_5
720575940616921152,720575940615495839,25,set_5
720575940616921152,720575940615894614,40,set_5
720575940616921152,720575940616065254,45,set_5
720575940616921152,720575940617678566,600,set_5
720575940616921152,720575940617787963,360,set_5
720575940616921152,720575940618859480,40,set_5
720575940616921152,720575940620025620,135,set_5
720575940616921152,720575940620177543,25,set_5
720575940616921152,720575940620217582,40,set_5
720575940616921152,720575940620262465,70,set_5
720575940616921152,720575940620353300,1015,set_5
720575940616921152,720575940620692974,25,set_5
720575940616921152,720575940620748457,50,set_5
720575940616921152,720575940621218694,25,set_5
720575940616921152,720575940621662332,25,set_5
720575940616921152,720575940621755888,60,set_5
720575940616921152,720575940621930710,195,set_5
720575940616921152,720575940622116705,50,set_5
720575940616921152,720575940622124833,200,set_5
720575940616921152,720575940622515895,35,set_5
720575940616921152,720575940622810153,330,set_5
720575940616921152,720575940622853258,50,set_5
720575940616921152,720575940623148285,185,set_5
720575940616921152,720575940623158709,40,set_5
720575940616921152,720575940623366102,35,set_5
720575940616921152,720575940624263655,70,set_5
720575940616921152,720575940624384304,30,set_5
720575940616921152,720575940624600840,285,set_5
720575940616921152,720575940624856409,85,set_5
720575940616921152,720575940624928284,150,set_5
720575940616921152,720575940626308697,55,set_5
720575940616921152,720575940626583836,50,set_5
720575940616921152,720575940626960536,220,set_5
720575940616921152,720575940627275795,85,set_5
720575940616921152,720575940627419962,30,set_5
720575940616921152,720575940628023685,50,set_5
720575940616921152,720575940628070419,25,set_5
720575940616921152,720575940628683063,30,set_5
720575940616921152,720575940628743752,25,set_5
720575940616921152,720575940629111490,30,set_5
720575940616921152,720575940629677417,130,set_5
720575940616921152,720575940629778554,50,set_5
720575940616921152,720575940629822842,45,set_5
720575940616921152,720575940630470391,340,set_5
720575940616921152,720575940630506344,265,set_5
720575940616921152,720575940630605881,55,set_5
720575940616921152,720575940631056185,40,set_5
720575940616921152,720575940631997032,25,set_5
720575940616921152,720575940632602532,35,set_5
720575940616921152,720575940633639063,135,set_5
720575940616921152,720575940633941293,295,set_5
720575940616921152,720575940634090777,40,set_5
720575940616921152,720575940634699119,25,set_5
720575940616921152,720575940635179871,40,set_5
720575940616921152,720575940635212143,30,set_5
720575940616921152,720575940635527092,45,set_5
720575940616921152,720575940637144944,45,set_5
720575940616921152,720575940637936710,40,set_5
720575940616921152,720575940639769715,45,set_5
720575940616921152,720575940639956643,25,set_5
720575940616921152,720575940643867296,310,set_5
720575940616921152,720575940644464544,510,set_5
720575940619453831,720575940610054980,32,set_5
720575940619453831,720575940613120721,20,set_5
720575940619453831,720575940616065254,28,set_5
720575940619453831,720575940616618053,20,set_5
720575940619453831,720575940617241629,24,set_5
720575940619453831,720575940617636213,72,set_5
720575940619453831,720575940620096171,56,set_5
720575940619453831,720575940620411169,36,set_5
720575940619453831,720575940620672432,40,set_5
720575940619453831,720575940620833901,36,set_5
720575940619453831,720575940620866544,32,set_5
720575940619453831,720575940621490721,292,set_5
720575940619453831,720575940622515895,28,set_5
720575940619453831,720575940623078071,68,set_5
720575940619453831,720575940623620586,40,set_5
720575940619453831,720575940624532408,56,set_5
720575940619453831,720575940624659789,36,set_5
720575940619453831,720575940624865584,20,set_5
720575940619453831,720575940625841241,28,set_5
720575940619453831,720575940625874992,52,set_5
720575940619453831,720575940626974737,172,set_5
720575940619453831,720575940627276474,68,set_5
720575940619453831,720575940628149763,24,set_5
720575940619453831,720575940628209152,132,set_5
720575940619453831,720575940628462927,20,set_5
720575940619453831,720575940628866242,20,set_5
720575940619453831,720575940629365868,28,set_5
720575940619453831,720575940630274459,20,set_5
720575940619453831,720575940630620207,20,set_5
720575940619453831,720575940630670890,76,set_5
720575940619453831,720575940630697078,24,set_5
720575940619453831,720575940631394920,36,set_5
720575940619453831,720575940633304601,68,set_5
720575940619453831,720575940635501560,20,set_5
720575940619453831,720575940635527092,116,set_5
720575940619453831,720575940635954879,36,set_5
720575940619453831,720575940638989219,40,set_5
720575940619453831,720575940639956643,72,set_5
720575940619453831,720575940645878068,28,set_5
720575940619741104,720575940606866377,30,set_5
720575940619741104,720575940607071106,60,set_5
720575940619741104,720575940608239371,55,set_5
720575940619741104,720575940610054980,70,set_5
720575940619741104,720575940611715813,35,set_5
720575940619741104,720575940611858906,25,set_5
720575940619741104,720575940612261603,110,set_5
720575940619741104,720575940612277090,50,set_5
720575940619741104,720575940612319155,25,set_5
720575940619741104,720575940612339123,25,set_5
720575940619741104,720575940614128691,55,set_5
720575940619741104,720575940614604962,30,set_5
720575940619741104,720575940614736290,35,set_5
720575940619741104,720575940614763666,145,set_5
720575940619741104,720575940616167730,255,set_5
720575940619741104,720575940617299515,30,set_5
720575940619741104,720575940617494877,60,set_5
720575940619741104,720575940619310757,25,set_5
720575940619741104,720575940619866059,25,set_5
720575940619741104,720575940619973712,305,set_5
720575940619741104,720575940620031366,35,set_5
720575940619741104,720575940620262465,35,set_5
720575940619741104,720575940620359956,110,set_5
720575940619741104,720575940620445062,155,set_5
720575940619741104,720575940620550534,30,set_5
720575940619741104,720575940620633070,25,set_5
720575940619741104,720575940621149709,65,set_5
720575940619741104,720575940621218694,50,set_5
720575940619741104,720575940621761729,40,set_5
720575940619741104,720575940621771041,25,set_5
720575940619741104,720575940621827419,140,set_5
720575940619741104,720575940622695448,125,set_5
720575940619741104,720575940622931976,40,set_5
720575940619741104,720575940623476407,70,set_5
720575940619741104,720575940623617973,80,set_5
720575940619741104,720575940624600840,35,set_5
720575940619741104,720575940624988455,130,set_5
720575940619741104,720575940625705930,70,set_5
720575940619741104,720575940626191306,90,set_5
720575940619741104,720575940626826288,80,set_5
720575940619741104,720575940627182217,55,set_5
720575940619741104,720575940627383685,90,set_5
720575940619741104,720575940627812168,40,set_5
720575940619741104,720575940628683063,110,set_5
720575940619741104,720575940628784066,25,set_5
720575940619741104,720575940628802069,40,set_5
720575940619741104,720575940628825210,45,set_5
720575940619741104,720575940628936898,30,set_5
720575940619741104,720575940628995331,70,set_5
720575940619741104,720575940628995587,145,set_5
720575940619741104,720575940629422183,170,set_5
720575940619741104,720575940629822842,90,set_5
720575940619741104,720575940630589036,35,set_5
720575940619741104,720575940630991311,30,set_5
720575940619741104,720575940631065144,25,set_5
720575940619741104,720575940631092943,55,set_5
720575940619741104,720575940631144109,40,set_5
720575940619741104,720575940631314908,55,set_5
720575940619741104,720575940631923304,25,set_5
720575940619741104,720575940631997032,30,set_5
720575940619741104,720575940632365905,30,set_5
720575940619741104,720575940632648612,25,set_5
720575940619741104,720575940632873261,45,set_5
720575940619741104,720575940633170969,640,set_5
720575940619741104,720575940633277209,150,set_5
720575940619741104,720575940633941293,80,set_5
720575940619741104,720575940634085983,25,set_5
720575940619741104,720575940635179871,60,set_5
720575940619741104,720575940636346487,75,set_5
720575940619741104,720575940636675214,60,set_5
720575940619741104,720575940637296356,55,set_5
720575940619741104,720575940637656286,55,set_5
720575940619741104,720575940639786915,95,set_5
720575940619741104,720575940644750116,30,set_5
720575940619741104,720575940645503854,65,set_5
720575940619741104,720575940647606148,60,set_5
720575940619741104,720575940655011489,25,set_5
720575940619741104,720575940660313729,70,set_5
720575940622348156,720575940607162754,144,set_5
720575940622348156,720575940609922372,123,set_5
720575940622348156,720575940609993284,168,set_5
720575940622348156,720575940610173048,45,set_5
720575940622348156,720575940612208858,165,set_5
720575940622348156,720575940612686233,48,set_5
720575940622348156,720575940612692633,24,set_5
720575940622348156,720575940613640685,21,set_5
720575940622348156,720575940614736290,171,set_5
720575940622348156,720575940616018956,21,set_5
720575940622348156,720575940616071483,39,set_5
720575940622348156,720575940617393625,39,set_5
720575940622348156,720575940617663537,18,set_5
720575940622348156,720575940618165787,30,set_5
720575940622348156,720575940618472261,138,set_5
720575940622348156,720575940619042427,30,set_5
720575940622348156,720575940619473624,27,set_5
720575940622348156,720575940620182151,39,set_5
720575940622348156,720575940620506996,15,set_5
720575940622348156,720575940620741102,192,set_5
720575940622348156,720575940621047632,18,set_5
720575940622348156,720575940621329328,24,set_5
720575940622348156,720575940621569728,18,set_5
720575940622348156,720575940621667693,150,set_5
720575940622348156,720575940621833281,57,set_5
720575940622348156,720575940622054753,21,set_5
720575940622348156,720575940622195625,24,set_5
720575940622348156,720575940622415948,42,set_5
720575940622348156,720575940622493260,33,set_5
720575940622348156,720575940622657268,15,set_5
720575940622348156,720575940623137818,15,set_5
720575940622348156,720575940623164685,96,set_5
720575940622348156,720575940623535044,81,set_5
720575940622348156,720575940625045180,42,set_5
720575940622348156,720575940625454108,27,set_5
720575940622348156,720575940625807152,27,set_5
720575940622348156,720575940626308697,21,set_5
720575940622348156,720575940626919144,66,set_5
720575940622348156,720575940627312668,231,set_5
720575940622348156,720575940627359109,21,set_5
720575940622348156,720575940627828296,27,set_5
720575940622348156,720575940628070419,15,set_5
720575940622348156,720575940628319899,81,set_5
720575940622348156,720575940628598121,135,set_5
720575940622348156,720575940628815381,105,set_5
720575940622348156,720575940629266988,18,set_5
720575940622348156,720575940629778554,21,set_5
720575940622348156,720575940630233404,15,set_5
720575940622348156,720575940630665210,222,set_5
720575940622348156,720575940630691958,195,set_5
720575940622348156,720575940630771449,21,set_5
720575940622348156,720575940630980559,30,set_5
720575940622348156,720575940631092943,15,set_5
720575940622348156,720575940631365340,30,set_5
720575940622348156,720575940631742381,72,set_5
720575940622348156,720575940631787693,18,set_5
720575940622348156,720575940632118156,147,set_5
720575940622348156,720575940632134227,48,set_5
720575940622348156,720575940633195148,21,set_5
720575940622348156,720575940633373651,48,set_5
720575940622348156,720575940633772257,36,set_5
720575940622348156,720575940634093337,36,set_5
720575940622348156,720575940634645600,69,set_5
720575940622348156,720575940635360924,27,set_5
720575940622348156,720575940635527092,30,set_5
720575940622348156,720575940637360730,99,set_5
720575940622348156,720575940638024794,27,set_5
720575940622348156,720575940638714694,15,set_5
720575940622348156,720575940639813365,18,set_5
720575940622348156,720575940639831459,33,set_5
720575940622348156,720575940643867296,45,set_5
720575940622348156,720575940646088068,21,set_5
720575940622348156,720575940648708228,21,set_5
720575940622348156,720575940649081465,21,set_5
720575940622348156,720575940651736566,39,set_5
720575940622474899,720575940605647234,66,set_5
720575940622474899,720575940606676572,48,set_5
720575940622474899,720575940609592270,36,set_5
720575940622474899,720575940615824011,36,set_5
720575940622474899,720575940621325150,30,set_5
720575940622474899,720575940621633683,78,set_5
720575940622474899,720575940630504466,42,set_5
720575940622474899,720575940630718511,174,set_5
720575940622474899,720575940634842804,30,set_5
720575940622474899,720575940635322524,60,set_5
720575940622474899,720575940635452570,84,set_5
720575940622474899,720575940639037016,42,set_5
720575940622661095,720575940613640685,10,set_5
720575940622661095,720575940618118485,10,set_5
720575940622661095,720575940619128699,32,set_5
720575940622661095,720575940620735258,10,set_5
720575940622661095,720575940622123144,12,set_5
720575940622661095,720575940622457579,10,set_5
720575940622661095,720575940623758377,10,set_5
720575940622661095,720575940624454221,12,set_5
720575940622661095,720575940626668218,46,set_5
720575940622661095,720575940626809109,20,set_5
720575940622661095,720575940628182910,40,set_5
720575940622661095,720575940628462927,12,set_5
720575940622661095,720575940630504466,12,set_5
720575940622661095,720575940630661164,30,set_5
720575940622661095,720575940630664556,32,set_5
720575940622661095,720575940631111983,36,set_5
720575940622661095,720575940631619948,20,set_5
720575940622661095,720575940631742381,18,set_5
720575940622661095,720575940631850521,16,set_5
720575940622661095,720575940634659508,14,set_5
720575940622661095,720575940637216624,28,set_5
720575940622661095,720575940639813365,10,set_5
720575940622661095,720575940643823470,14,set_5
720575940622661095,720575940646156420,14,set_5
720575940622661095,720575940660220289,14,set_5
720575940623040094,720575940605647234,6,set_5
720575940623040094,720575940607877833,7,set_5
720575940623040094,720575940612923390,7,set_5
720575940623040094,720575940614572542,13,set_5
720575940623040094,720575940615043112,5,set_5
720575940623040094,720575940615228467,7,set_5
720575940623040094,720575940615482878,6,set_5
720575940623040094,720575940616153371,5,set_5
720575940623040094,720575940618385718,11,set_5
720575940623040094,720575940619111515,6,set_5
720575940623040094,720575940619451989,7,set_5
720575940623040094,720575940619888622,9,set_5
720575940623040094,720575940622872870,16,set_5
720575940623040094,720575940623011845,22,set_5
720575940623040094,720575940623044103,13,set_5
720575940623040094,720575940623777065,15,set_5
720575940623040094,720575940626015640,15,set_5
720575940623040094,720575940626376600,5,set_5
720575940623040094,720575940627284935,6,set_5
720575940623040094,720575940629285879,5,set_5
720575940623040094,720575940631968599,16,set_5
720575940623040094,720575940632828264,11,set_5
720575940623040094,720575940635613358,6,set_5
720575940623040094,720575940635861146,26,set_5
720575940623040094,720575940636748095,9,set_5
720575940623381286,720575940607162754,150,set_5
720575940623381286,720575940607375794,15,set_5
720575940623381286,720575940608451420,24,set_5
720575940623381286,720575940609993284,60,set_5
720575940623381286,720575940611167842,276,set_5
720575940623381286,720575940615672130,33,set_5
720575940623381286,720575940616194610,51,set_5
720575940623381286,720575940617678566,15,set_5
720575940623381286,720575940618514043,102,set_5
720575940623381286,720575940619058334,27,set_5
720575940623381286,720575940620156209,225,set_5
720575940623381286,720575940620353300,81,set_5
720575940623381286,720575940621833281,48,set_5
720575940623381286,720575940622054753,48,set_5
720575940623381286,720575940623676394,225,set_5
720575940623381286,720575940623918121,69,set_5
720575940623381286,720575940624461576,15,set_5
720575940623381286,720575940624986300,48,set_5
720575940623381286,720575940626960536,63,set_5
720575940623381286,720575940627107721,132,set_5
720575940623381286,720575940627418387,108,set_5
720575940623381286,720575940627429907,114,set_5
720575940623381286,720575940628070419,39,set_5
720575940623381286,720575940629377218,15,set_5
720575940623381286,720575940630232380,15,set_5
720575940623381286,720575940630579574,15,set_5
720575940623381286,720575940630691958,168,set_5
720575940623381286,720575940630839371,24,set_5
720575940623381286,720575940631092943,96,set_5
720575940623381286,720575940631293202,60,set_5
720575940623381286,720575940631328763,21,set_5
720575940623381286,720575940632486969,165,set_5
720575940623381286,720575940635596212,15,set_5
720575940623381286,720575940638928868,15,set_5
720575940623381286,720575940639831459,60,set_5
720575940623381286,720575940639994456,228,set_5
720575940623381286,720575940641648091,81,set_5
720575940623381286,720575940648188548,66,set_5
720575940623381286,720575940655015329,15,set_5
720575940623381286,720575940660233601,21,set_5
720575940623853837,720575940611352538,10,set_5
720575940623853837,720575940611859057,18,set_5
720575940623853837,720575940612277090,12,set_5
720575940623853837,720575940613992657,32,set_5
720575940623853837,720575940616423647,34,set_5
720575940623853837,720575940617690658,24,set_5
720575940623853837,720575940621040737,50,set_5
720575940623853837,720575940624120649,20,set_5
720575940623853837,720575940624870663,14,set_5
720575940623853837,720575940625007256,12,set_5
720575940623853837,720575940632464146,28,set_5
720575940623853837,720575940632737081,48,set_5
720575940623853837,720575940633557924,16,set_5
720575940623853837,720575940633941293,10,set_5
720575940623853837,720575940634856543,22,set_5
720575940623853837,720575940641546715,48,set_5
720575940623853837,720575940643251748,10,set_5
720575940623853837,720575940645223278,10,set_5
720575940624530372,720575940607386290,18,set_5
720575940624530372,720575940607472988,45,set_5
720575940624530372,720575940610232274,24,set_5
720575940624530372,720575940616018956,15,set_5
720575940624530372,720575940620359956,60,set_5
720575940624530372,720575940621218694,18,set_5
720575940624530372,720575940621332092,18,set_5
720575940624530372,720575940622493260,18,set_5
720575940624530372,720575940623476407,21,set_5
720575940624530372,720575940626835146,15,set_5
720575940624530372,720575940627113544,27,set_5
720575940624530372,720575940628995587,39,set_5
720575940624530372,720575940633170969,174,set_5
720575940624530372,720575940636541285,18,set_5
720575940624530372,720575940647606148,48,set_5
720575940624530372,720575940652580086,69,set_5
720575940624530372,720575940660223873,15,set_5
720575940625716357,720575940607193986,14,set_5
720575940625716357,720575940607272649,280,set_5
720575940625716357,720575940608498780,100,set_5
720575940625716357,720575940609133269,12,set_5
720575940625716357,720575940609407939,24,set_5
720575940625716357,720575940611849826,10,set_5
720575940625716357,720575940612906518,16,set_5
720575940625716357,720575940613743569,22,set_5
720575940625716357,720575940614604525,10,set_5
720575940625716357,720575940615050346,14,set_5
720575940625716357,720575940615671106,42,set_5
720575940625716357,720575940616038294,82,set_5
720575940625716357,720575940616466260,18,set_5
720575940625716357,720575940616864086,36,set_5
720575940625716357,720575940617438016,20,set_5
720575940625716357,720575940618166811,10,set_5
720575940625716357,720575940619877396,66,set_5
720575940625716357,720575940621573542,16,set_5
720575940625716357,720575940622734106,12,set_5
720575940625716357,720575940623017989,38,set_5
720575940625716357,720575940623128269,20,set_5
720575940625716357,720575940625320394,20,set_5
720575940625716357,720575940626626597,18,set_5
720575940625716357,720575940626672058,12,set_5
720575940625716357,720575940627779983,14,set_5
720575940625716357,720575940629561347,32,set_5
720575940625716357,720575940629564688,54,set_5
720575940625716357,720575940629773276,60,set_5
720575940625716357,720575940629878479,12,set_5
720575940625716357,720575940633218444,32,set_5
720575940625716357,720575940633796252,16,set_5
720575940625716357,720575940639285949,30,set_5
720575940625716357,720575940644653348,36,set_5
720575940625716357,720575940645697828,14,set_5
720575940626507346,720575940611018865,30,set_5
720575940626507346,720575940616497477,96,set_5
720575940626507346,720575940617854676,24,set_5
720575940626507346,720575940620741102,27,set_5
720575940626507346,720575940621256384,204,set_5
720575940626507346,720575940622433799,18,set_5
720575940626507346,720575940622810153,33,set_5
720575940626507346,720575940623004552,90,set_5
720575940626507346,720575940623675367,18,set_5
720575940626507346,720575940624352970,105,set_5
720575940626507346,720575940625045180,15,set_5
720575940626507346,720575940625081290,102,set_5
720575940626507346,720575940625172016,18,set_5
720575940626507346,720575940626809109,36,set_5
720575940626507346,720575940626983684,42,set_5
720575940626507346,720575940627254856,36,set_5
720575940626507346,720575940627312668,138,set_5
720575940626507346,720575940627443996,51,set_5
720575940626507346,720575940627828040,36,set_5
720575940626507346,720575940628743752,39,set_5
720575940626507346,720575940629595633,15,set_5
720575940626507346,720575940630661164,18,set_5
720575940626507346,720575940630683385,24,set_5
720575940626507346,720575940630904567,111,set_5
720575940626507346,720575940630995799,21,set_5
720575940626507346,720575940631299090,30,set_5
720575940626507346,720575940632998028,15,set_5
720575940626507346,720575940635229303,90,set_5
720575940626507346,720575940635816926,18,set_5
720575940626507346,720575940643867296,102,set_5
720575940626507346,720575940647030580,18,set_5
720575940626507346,720575940648708228,51,set_5
720575940626972568,720575940611782874,27,set_5
720575940626972568,720575940616167730,171,set_5
720575940626972568,720575940619310757,81,set_5
720575940626972568,720575940619945931,27,set_5
720575940626972568,720575940620129182,27,set_5
720575940626972568,720575940620359956,54,set_5
720575940626972568,720575940623476407,21,set_5
720575940626972568,720575940623718380,30,set_5
720575940626972568,720575940625172016,27,set_5
720575940626972568,720575940628995587,63,set_5
720575940626999464,720575940610594766,12,set_5
720575940626999464,720575940612270307,5,set_5
720575940626999464,720575940612478383,8,set_5
720575940626999464,720575940613533607,8,set_5
720575940626999464,720575940613695346,6,set_5
720575940626999464,720575940613747734,45,set_5
720575940626999464,720575940616028475,7,set_5
720575940626999464,720575940616203869,9,set_5
720575940626999464,720575940620008112,37,set_5
720575940626999464,720575940620506996,52,set_5
720575940626999464,720575940621126384,67,set_5
720575940626999464,720575940621169690,69,set_5
720575940626999464,720575940623988733,20,set_5
720575940626999464,720575940624528068,17,set_5
720575940626999464,720575940625045180,9,set_5
720575940626999464,720575940625799513,32,set_5
720575940626999464,720575940626197593,5,set_5
720575940626999464,720575940626598994,5,set_5
720575940626999464,720575940628781333,59,set_5
720575940626999464,720575940631829279,7,set_5
720575940626999464,720575940634699119,5,set_5
720575940626999464,720575940637391423,7,set_5
720575940626999464,720575940639786915,7,set_5
720575940626999464,720575940640681680,26,set_5
720575940626999464,720575940641417869,5,set_5
720575940627004459,720575940611715813,14,set_5
720575940627004459,720575940616167730,88,set_5
720575940627004459,720575940616200790,14,set_5
720575940627004459,720575940620359956,38,set_5
720575940627004459,720575940623154712,10,set_5
720575940627004459,720575940623224555,14,set_5
720575940627004459,720575940626625813,12,set_5
720575940627004459,720575940626798736,16,set_5
720575940627004459,720575940626968216,14,set_5
720575940627004459,720575940627083294,16,set_5
720575940627004459,720575940628787016,10,set_5
720575940627004459,720575940628995587,36,set_5
720575940627004459,720575940632873261,16,set_5
720575940627206074,720575940612354034,144,set_5
720575940627206074,720575940615197747,54,set_5
720575940627206074,720575940616067890,18,set_5
720575940627206074,720575940617636725,159,set_5
720575940627206074,720575940617787963,24,set_5
720575940627206074,720575940618165019,339,set_5
720575940627206074,720575940618166811,99,set_5
720575940627206074,720575940618539810,51,set_5
720575940627206074,720575940620025620,96,set_5
720575940627206074,720575940622054753,42,set_5
720575940627206074,720575940622493260,33,set_5
720575940627206074,720575940622810153,219,set_5
720575940627206074,720575940623993015,18,set_5
720575940627206074,720575940625045180,327,set_5
720575940627206074,720575940626705497,42,set_5
720575940627206074,720575940626939737,27,set_5
720575940627206074,720575940627828040,21,set_5
720575940627206074,720575940628211499,66,set_5
720575940627206074,720575940628676457,15,set_5
720575940627206074,720575940628743752,258,set_5
720575940627206074,720575940629778554,138,set_5
720575940627206074,720575940630232380,357,set_5
720575940627206074,720575940630233404,36,set_5
720575940627206074,720575940630683385,135,set_5
720575940627206074,720575940630868793,351,set_5
720575940627206074,720575940631999080,15,set_5
720575940627206074,720575940632028216,132,set_5
720575940627206074,720575940632281927,285,set_5
720575940627206074,720575940632727756,78,set_5
720575940627206074,720575940633772257,15,set_5
720575940627206074,720575940635212143,27,set_5
720575940627206074,720575940639831459,30,set_5
720575940627206074,720575940643867296,750,set_5
720575940627206074,720575940645527918,33,set_5
720575940627206074,720575940647030580,360,set_5
720575940627206074,720575940661338497,363,set_5
720575940627371834,720575940605890784,6,set_5
720575940627371834,720575940607386290,7,set_5
720575940627371834,720575940610232274,26,set_5
720575940627371834,720575940612692633,14,set_5
720575940627371834,720575940613929391,6,set_5
720575940627371834,720575940616018956,13,set_5
720575940627371834,720575940618859480,17,set_5
720575940627371834,720575940620359956,64,set_5
720575940627371834,720575940621332092,7,set_5
720575940627371834,720575940623476407,45,set_5
720575940627371834,720575940625047484,7,set_5
720575940627371834,720575940626835146,25,set_5
720575940627371834,720575940627083294,6,set_5
720575940627371834,720575940627182217,19,set_5
720575940627371834,720575940627847752,5,set_5
720575940627371834,720575940628755815,11,set_5
720575940627371834,720575940628802069,28,set_5
720575940627371834,720575940628815381,38,set_5
720575940627371834,720575940628972048,11,set_5
720575940627371834,720575940628995587,11,set_5
720575940627371834,720575940630403031,18,set_5
720575940627371834,720575940630579574,47,set_5
720575940627371834,720575940630674038,6,set_5
720575940627371834,720575940631168057,5,set_5
720575940627371834,720575940631406411,31,set_5
720575940627371834,720575940631994728,29,set_5
720575940627371834,720575940632659404,6,set_5
720575940627371834,720575940652580086,40,set_5
720575940627371834,720575940660223873,29,set_5
720575940627916331,720575940609922372,5,set_5
720575940627916331,720575940611018865,18,set_5
720575940627916331,720575940615292895,5,set_5
720575940627916331,720575940615495839,24,set_5
720575940627916331,720575940615672130,10,set_5
720575940627916331,720575940616851030,11,set_5
720575940627916331,720575940617335382,7,set_5
720575940627916331,720575940617678566,13,set_5
720575940627916331,720575940617787963,29,set_5
720575940627916331,720575940618166811,13,set_5
720575940627916331,720575940618472261,8,set_5
720575940627916331,720575940619128699,23,set_5
720575940627916331,720575940620025620,6,set_5
720575940627916331,720575940620262465,63,set_5
720575940627916331,720575940620553094,5,set_5
720575940627916331,720575940620741102,6,set_5
720575940627916331,720575940621329328,5,set_5
720575940627916331,720575940621662332,29,set_5
720575940627916331,720575940622123144,16,set_5
720575940627916331,720575940622154266,6,set_5
720575940627916331,720575940622493260,11,set_5
720575940627916331,720575940622810153,31,set_5
720575940627916331,720575940623209165,8,set_5
720575940627916331,720575940623432918,6,set_5
720575940627916331,720575940623449382,16,set_5
720575940627916331,720575940624176312,6,set_5
720575940627916331,720575940624600840,44,set_5
720575940627916331,720575940624928284,6,set_5
720575940627916331,720575940625172016,15,set_5
720575940627916331,720575940625339981,21,set_5
720575940627916331,720575940626668218,14,set_5
720575940627916331,720575940626826288,43,set_5
720575940627916331,720575940626960536,8,set_5
720575940627916331,720575940627667530,7,set_5
720575940627916331,720575940628743752,8,set_5
720575940627916331,720575940628885160,6,set_5
720575940627916331,720575940630589036,60,set_5
720575940627916331,720575940630670454,10,set_5
720575940627916331,720575940630679801,13,set_5
720575940627916331,720575940630773495,11,set_5
720575940627916331,720575940631092943,80,set_5
720575940627916331,720575940631111983,8,set_5
720575940627916331,720575940631619948,5,set_5
720575940627916331,720575940631742381,15,set_5
720575940627916331,720575940633941293,71,set_5
720575940627916331,720575940634090777,14,set_5
720575940627916331,720575940639512192,24,set_5
720575940627916331,720575940641648091,36,set_5
720575940628530961,720575940604486880,6,set_5
720575940628530961,720575940607225609,5,set_5
720575940628530961,720575940607874315,8,set_5
720575940628530961,720575940612572131,10,set_5
720575940628530961,720575940613944994,23,set_5
720575940628530961,720575940616840665,11,set_5
720575940628530961,720575940617691170,14,set_5
720575940628530961,720575940618726454,11,set_5
720575940628530961,720575940619766869,5,set_5
720575940628530961,720575940621616381,10,set_5
720575940628530961,720575940622629011,7,set_5
720575940628530961,720575940622828056,19,set_5
720575940628530961,720575940623217577,12,set_5
720575940628530961,720575940625360670,8,set_5
720575940628530961,720575940626500745,28,set_5
720575940628530961,720575940626507027,5,set_5
720575940628530961,720575940626661501,7,set_5
720575940628530961,720575940626750089,6,set_5
720575940628530961,720575940627472684,6,set_5
720575940628530961,720575940628741379,6,set_5
720575940628530961,720575940635842990,7,set_5
720575940628530961,720575940638096499,7,set_5
720575940628973827,720575940605698080,30,set_5
720575940628973827,720575940609937476,41,set_5
720575940628973827,720575940611548878,13,set_5
720575940628973827,720575940611549902,7,set_5
720575940628973827,720575940613563117,14,set_5
720575940628973827,720575940615063592,108,set_5
720575940628973827,720575940616169010,25,set_5
720575940628973827,720575940616194610,5,set_5
720575940628973827,720575940617151266,11,set_5
720575940628973827,720575940617678566,32,set_5
720575940628973827,720575940617787963,67,set_5
720575940628973827,720575940620170887,40,set_5
720575940628973827,720575940620217582,12,set_5
720575940628973827,720575940620626011,5,set_5
720575940628973827,720575940620633947,17,set_5
720575940628973827,720575940620778223,5,set_5
720575940628973827,720575940622026245,8,set_5
720575940628973827,720575940623066893,5,set_5
720575940628973827,720575940624882407,6,set_5
720575940628973827,720575940625002936,6,set_5
720575940628973827,720575940625167886,7,set_5
720575940628973827,720575940626705497,176,set_5
720575940628973827,720575940627040549,8,set_5
720575940628973827,720575940628598121,18,set_5
720575940628973827,720575940629111490,148,set_5
720575940628973827,720575940629717370,14,set_5
720575940628973827,720575940630470391,5,set_5
720575940628973827,720575940630683385,49,set_5
720575940628973827,720575940631299090,125,set_5
720575940628973827,720575940632118156,18,set_5
720575940628973827,720575940632602532,14,set_5
720575940628973827,720575940633762714,19,set_5
720575940628973827,720575940634645600,39,set_5
720575940628973827,720575940635202155,6,set_5
720575940628973827,720575940635297911,42,set_5
720575940628973827,720575940643867296,7,set_5
720575940628973827,720575940644672548,10,set_5
720575940628973827,720575940645039383,66,set_5
720575940628973827,720575940645527918,5,set_5
720575940628973827,720575940661338497,13,set_5
720575940629207963,720575940604247985,8,set_5
720575940629207963,720575940607345586,60,set_5
720575940629207963,720575940609133269,36,set_5
720575940629207963,720575940610054980,32,set_5
720575940629207963,720575940610708430,7,set_5
720575940629207963,720575940610986006,5,set_5
720575940629207963,720575940612438514,53,set_5
720575940629207963,720575940613170385,16,set_5
720575940629207963,720575940613356851,9,set_5
720575940629207963,720575940614099818,9,set_5
720575940629207963,720575940616203869,11,set_5
720575940629207963,720575940617494877,19,set_5
720575940629207963,720575940618963732,6,set_5
720575940629207963,720575940619042427,6,set_5
720575940629207963,720575940619111515,12,set_5
720575940629207963,720575940619549867,12,set_5
720575940629207963,720575940620008112,24,set_5
720575940629207963,720575940620177543,5,set_5
720575940629207963,720575940620182151,11,set_5
720575940629207963,720575940620335269,29,set_5
720575940629207963,720575940620819659,10,set_5
720575940629207963,720575940620833901,12,set_5
720575940629207963,720575940622466027,5,set_5
720575940629207963,720575940623097853,24,set_5
720575940629207963,720575940623132621,16,set_5
720575940629207963,720575940623137818,8,set_5
720575940629207963,720575940623988733,5,set_5
720575940629207963,720575940624994568,5,set_5
720575940629207963,720575940625799513,24,set_5
720575940629207963,720575940625874992,65,set_5
720575940629207963,720575940626308697,18,set_5
720575940629207963,720575940626434822,12,set_5
720575940629207963,720575940627062088,6,set_5
720575940629207963,720575940628598121,11,set_5
720575940629207963,720575940630181852,5,set_5
720575940629207963,720575940630232380,6,set_5
720575940629207963,720575940630548751,49,set_5
720575940629207963,720575940631056185,8,set_5
720575940629207963,720575940631299602,6,set_5
720575940629207963,720575940631394920,37,set_5
720575940629207963,720575940631459923,5,set_5
720575940629207963,720575940631595603,8,set_5
720575940629207963,720575940632028216,7,set_5
720575940629207963,720575940632524559,5,set_5
720575940629207963,720575940633195148,11,set_5
720575940629207963,720575940633571020,6,set_5
720575940629207963,720575940633639063,16,set_5
720575940629207963,720575940634210155,5,set_5
720575940629207963,720575940634645600,10,set_5
720575940629207963,720575940635527092,12,set_5
720575940629207963,720575940637578853,7,set_5
720575940629207963,720575940637656286,19,set_5
720575940629207963,720575940639769715,6,set_5
720575940629207963,720575940639786915,14,set_5
720575940629207963,720575940640681680,17,set_5
720575940629207963,720575940643867296,9,set_5
720575940629207963,720575940654057889,31,set_5
720575940629207963,720575940655015329,5,set_5
720575940629207963,720575940660224641,12,set_5
720575940629470838,720575940608713993,90,set_5
720575940629470838,720575940609937476,95,set_5
720575940629470838,720575940610524339,25,set_5
720575940629470838,720575940611475698,70,set_5
720575940629470838,720575940612692889,40,set_5
720575940629470838,720575940613563117,45,set_5
720575940629470838,720575940615076162,40,set_5
720575940629470838,720575940616065254,90,set_5
720575940629470838,720575940617663537,35,set_5
720575940629470838,720575940618165787,135,set_5
720575940629470838,720575940618472261,25,set_5
720575940629470838,720575940619473624,220,set_5
720575940629470838,720575940619781814,30,set_5
720575940629470838,720575940619866059,30,set_5
720575940629470838,720575940620008112,30,set_5
720575940629470838,720575940620353300,40,set_5
720575940629470838,720575940620627035,120,set_5
720575940629470838,720575940620735258,25,set_5
720575940629470838,720575940620780272,55,set_5
720575940629470838,720575940621667693,35,set_5
720575940629470838,720575940622284947,50,set_5
720575940629470838,720575940622493260,30,set_5
720575940629470838,720575940622657268,30,set_5
720575940629470838,720575940623535044,370,set_5
720575940629470838,720575940623654804,100,set_5
720575940629470838,720575940623861962,40,set_5
720575940629470838,720575940624222205,135,set_5
720575940629470838,720575940624994568,25,set_5
720575940629470838,720575940625178768,25,set_5
720575940629470838,720575940625408796,60,set_5
720575940629470838,720575940625873560,30,set_5
720575940629470838,720575940626197593,30,set_5
720575940629470838,720575940626557186,75,set_5
720575940629470838,720575940626953561,25,set_5
720575940629470838,720575940627047400,50,set_5
720575940629470838,720575940627304424,40,set_5
720575940629470838,720575940627312668,30,set_5
720575940629470838,720575940627704392,25,set_5
720575940629470838,720575940628182910,35,set_5
720575940629470838,720575940628668009,45,set_5
720575940629470838,720575940629865319,90,set_5
720575940629470838,720575940629987587,135,set_5
720575940629470838,720575940630605881,40,set_5
720575940629470838,720575940630664556,395,set_5
720575940629470838,720575940630665210,30,set_5
720575940629470838,720575940631595603,25,set_5
720575940629470838,720575940634093337,25,set_5
720575940629470838,720575940635202155,45,set_5
720575940629470838,720575940635751269,115,set_5
720575940629470838,720575940635954879,80,set_5
720575940629470838,720575940636541285,50,set_5
720575940629470838,720575940640681680,35,set_5
720575940629470838,720575940641776032,80,set_5
720575940629470838,720575940642428045,30,set_5
720575940629839947,720575940607472988,30,set_5
720575940629839947,720575940610232274,14,set_5
720575940629839947,720575940612984981,16,set_5
720575940629839947,720575940620359956,44,set_5
720575940629839947,720575940620874757,14,set_5
720575940629839947,720575940622931976,10,set_5
720575940629839947,720575940623476407,40,set_5
720575940629839947,720575940626835146,16,set_5
720575940629839947,720575940627113544,14,set_5
720575940629839947,720575940627182217,12,set_5
720575940629839947,720575940628500540,20,set_5
720575940629839947,720575940628995587,26,set_5
720575940629839947,720575940629509948,20,set_5
720575940629839947,720575940633170969,88,set_5
720575940629839947,720575940647606148,62,set_5
720575940630059052,720575940606254002,10,set_5
720575940630059052,720575940611549902,12,set_5
720575940630059052,720575940612256938,44,set_5
720575940630059052,720575940618472261,38,set_5
720575940630059052,720575940619652033,28,set_5
720575940630059052,720575940619847371,12,set_5
720575940630059052,720575940620627035,10,set_5
720575940630059052,720575940621827419,32,set_5
720575940630059052,720575940622236671,10,set_5
720575940630059052,720575940623209165,50,set_5
720575940630059052,720575940624928284,20,set_5
720575940630059052,720575940625175054,70,set_5
720575940630059052,720575940626243428,12,set_5
720575940630059052,720575940627274578,38,set_5
720575940630059052,720575940627989609,30,set_5
720575940630059052,720575940628182910,10,set_5
720575940630059052,720575940628668009,34,set_5
720575940630059052,720575940628684023,14,set_5
720575940630059052,720575940631092943,18,set_5
720575940630059052,720575940633213792,42,set_5
720575940630059052,720575940634090777,10,set_5
720575940630059052,720575940635202155,14,set_5
720575940630059052,720575940637184326,20,set_5
720575940630059052,720575940638684248,10,set_5
720575940630059052,720575940639756093,10,set_5
720575940630059052,720575940641776032,12,set_5
720575940630059052,720575940642428045,60,set_5
720575940630059052,720575940648377209,32,set_5
720575940630182972,720575940604791217,48,set_5
720575940630182972,720575940605443017,48,set_5
720575940630182972,720575940605694240,96,set_5
720575940630182972,720575940606867145,84,set_5
720575940630182972,720575940610173048,60,set_5
720575940630182972,720575940613563117,120,set_5
720575940630182972,720575940613828202,42,set_5
720575940630182972,720575940614954536,36,set_5
720575940630182972,720575940616497477,66,set_5
720575940630182972,720575940618135419,54,set_5
720575940630182972,720575940618165787,192,set_5
720575940630182972,720575940620129182,54,set_5
720575940630182972,720575940620451866,66,set_5
720575940630182972,720575940620778223,72,set_5
720575940630182972,720575940620780272,150,set_5
720575940630182972,720575940621126384,30,set_5
720575940630182972,720575940621169690,84,set_5
720575940630182972,720575940621928453,60,set_5
720575940630182972,720575940622433799,30,set_5
720575940630182972,720575940623004552,42,set_5
720575940630182972,720575940623017989,42,set_5
720575940630182972,720575940623029395,48,set_5
720575940630182972,720575940623192781,48,set_5
720575940630182972,720575940623535044,30,set_5
720575940630182972,720575940624352970,66,set_5
720575940630182972,720575940624528068,30,set_5
720575940630182972,720575940624913959,48,set_5
720575940630182972,720575940625002936,36,set_5
720575940630182972,720575940625081290,66,set_5
720575940630182972,720575940626185353,36,set_5
720575940630182972,720575940626229849,30,set_5
720575940630182972,720575940626468178,42,set_5
720575940630182972,720575940626557186,72,set_5
720575940630182972,720575940627312668,456,set_5
720575940630182972,720575940627828040,150,set_5
720575940630182972,720575940628668009,78,set_5
720575940630182972,720575940628781333,144,set_5
720575940630182972,720575940629954872,42,set_5
720575940630182972,720575940630664556,30,set_5
720575940630182972,720575940630904567,42,set_5
720575940630182972,720575940631299090,108,set_5
720575940630182972,720575940631595603,42,set_5
720575940630182972,720575940633195148,60,set_5
720575940630182972,720575940633373651,42,set_5
720575940630182972,720575940633824864,36,set_5
720575940630182972,720575940635202155,66,set_5
720575940630182972,720575940635816926,48,set_5
720575940630182972,720575940640348149,42,set_5
720575940630182972,720575940646930996,36,set_5
720575940631340815,720575940603201452,18,set_5
720575940631340815,720575940605218220,72,set_5
720575940631340815,720575940605714878,84,set_5
720575940631340815,720575940606425033,66,set_5
720575940631340815,720575940606428850,21,set_5
720575940631340815,720575940607162754,204,set_5
720575940631340815,720575940607377586,48,set_5
720575940631340815,720575940608188427,60,set_5
720575940631340815,720575940608498780,36,set_5
720575940631340815,720575940608500316,39,set_5
720575940631340815,720575940608735241,15,set_5
720575940631340815,720575940609133269,15,set_5
720575940631340815,720575940609405635,30,set_5
720575940631340815,720575940609407939,30,set_5
720575940631340815,720575940609993284,15,set_5
720575940631340815,720575940610604078,84,set_5
720575940631340815,720575940610605614,18,set_5
720575940631340815,720575940610652002,120,set_5
720575940631340815,720575940610803554,15,set_5
720575940631340815,720575940611160930,51,set_5
720575940631340815,720575940611442296,48,set_5
720575940631340815,720575940611549902,75,set_5
720575940631340815,720575940611735514,30,set_5
720575940631340815,720575940612354034,15,set_5
720575940631340815,720575940612438514,33,set_5
720575940631340815,720575940612443890,45,set_5
720575940631340815,720575940612603289,15,set_5
720575940631340815,720575940613347299,36,set_5
720575940631340815,720575940613408552,24,set_5
720575940631340815,720575940613501337,33,set_5
720575940631340815,720575940613743569,15,set_5
720575940631340815,720575940613941618,33,set_5
720575940631340815,720575940614165201,93,set_5
720575940631340815,720575940614352278,33,set_5
720575940631340815,720575940614432918,147,set_5
720575940631340815,720575940614465478,21,set_5
720575940631340815,720575940614730914,15,set_5
720575940631340815,720575940614740374,15,set_5
720575940631340815,720575940614935859,15,set_5
720575940631340815,720575940615153494,45,set_5
720575940631340815,720575940615197747,21,set_5
720575940631340815,720575940615410911,51,set_5
720575940631340815,720575940615655611,15,set_5
720575940631340815,720575940615671106,348,set_5
720575940631340815,720575940616014092,24,set_5
720575940631340815,720575940616018956,18,set_5
720575940631340815,720575940616071483,18,set_5
720575940631340815,720575940616164658,27,set_5
720575940631340815,720575940616167730,198,set_5
720575940631340815,720575940616185531,18,set_5
720575940631340815,720575940616286175,15,set_5
720575940631340815,720575940616597334,84,set_5
720575940631340815,720575940616864217,39,set_5
720575940631340815,720575940617024562,15,set_5
720575940631340815,720575940617031385,84,set_5
720575940631340815,720575940617089241,30,set_5
720575940631340815,720575940617190361,27,set_5
720575940631340815,720575940617290043,27,set_5
720575940631340815,720575940617298747,30,set_5
720575940631340815,720575940617393625,57,set_5
720575940631340815,720575940617444130,24,set_5
720575940631340815,720575940617494877,24,set_5
720575940631340815,720575940617678566,156,set_5
720575940631340815,720575940617787963,222,set_5
720575940631340815,720575940617917579,30,set_5
720575940631340815,720575940617950877,78,set_5
720575940631340815,720575940618165019,24,set_5
720575940631340815,720575940618165393,15,set_5
720575940631340815,720575940618166811,27,set_5
720575940631340815,720575940618514043,18,set_5
720575940631340815,720575940618539810,150,set_5
720575940631340815,720575940618574749,18,set_5
720575940631340815,720575940619016059,66,set_5
720575940631340815,720575940619058334,18,set_5
720575940631340815,720575940619097905,15,set_5
720575940631340815,720575940619176094,72,set_5
720575940631340815,720575940619191966,24,set_5
720575940631340815,720575940619728037,18,set_5
720575940631340815,720575940619877396,318,set_5
720575940631340815,720575940619898526,39,set_5
720575940631340815,720575940620298772,120,set_5
720575940631340815,720575940620353300,39,set_5
720575940631340815,720575940620497062,24,set_5
720575940631340815,720575940620627035,93,set_5
720575940631340815,720575940620714150,27,set_5
720575940631340815,720575940620763584,99,set_5
720575940631340815,720575940620979638,24,set_5
720575940631340815,720575940620982437,87,set_5
720575940631340815,720575940621218694,15,set_5
720575940631340815,720575940621261296,333,set_5
720575940631340815,720575940621354736,27,set_5
720575940631340815,720575940621586854,102,set_5
720575940631340815,720575940622026245,33,set_5
720575940631340815,720575940622027222,15,set_5
720575940631340815,720575940622054753,18,set_5
720575940631340815,720575940622195625,33,set_5
720575940631340815,720575940622266236,39,set_5
720575940631340815,720575940622309726,48,set_5
720575940631340815,720575940622486644,39,set_5
720575940631340815,720575940622493260,36,set_5
720575940631340815,720575940622500172,93,set_5
720575940631340815,720575940622537477,96,set_5
720575940631340815,720575940622547299,30,set_5
720575940631340815,720575940623019544,42,set_5
720575940631340815,720575940623132621,126,set_5
720575940631340815,720575940623164685,24,set_5
720575940631340815,720575940623164941,69,set_5
720575940631340815,720575940623261481,18,set_5
720575940631340815,720575940623333964,21,set_5
720575940631340815,720575940623380009,15,set_5
720575940631340815,720575940623455239,27,set_5
720575940631340815,720575940623497653,18,set_5
720575940631340815,720575940623535044,51,set_5
720575940631340815,720575940623579063,33,set_5
720575940631340815,720575940623637226,48,set_5
720575940631340815,720575940623663084,72,set_5
720575940631340815,720575940623676394,54,set_5
720575940631340815,720575940623690474,15,set_5
720575940631340815,720575940623918121,306,set_5
720575940631340815,720575940623938795,18,set_5
720575940631340815,720575940624537284,21,set_5
720575940631340815,720575940624600840,24,set_5
720575940631340815,720575940624623287,18,set_5
720575940631340815,720575940624897516,24,set_5
720575940631340815,720575940624986300,288,set_5
720575940631340815,720575940624987175,90,set_5
720575940631340815,720575940624991527,39,set_5
720575940631340815,720575940625045180,33,set_5
720575940631340815,720575940625132797,30,set_5
720575940631340815,720575940625352852,18,set_5
720575940631340815,720575940625502666,30,set_5
720575940631340815,720575940625815562,15,set_5
720575940631340815,720575940625834132,36,set_5
720575940631340815,720575940625852464,18,set_5
720575940631340815,720575940625874992,30,set_5
720575940631340815,720575940625887207,15,set_5
720575940631340815,720575940625962242,18,set_5
720575940631340815,720575940625979650,30,set_5
720575940631340815,720575940626094350,99,set_5
720575940631340815,720575940626099214,18,set_5
720575940631340815,720575940626179614,30,set_5
720575940631340815,720575940626214275,18,set_5
720575940631340815,720575940626232153,15,set_5
720575940631340815,720575940626279742,30,set_5
720575940631340815,720575940626319235,27,set_5
720575940631340815,720575940626548605,27,set_5
720575940631340815,720575940626626597,36,set_5
720575940631340815,720575940626826288,39,set_5
720575940631340815,720575940626889491,21,set_5
720575940631340815,720575940626960536,36,set_5
720575940631340815,720575940627015196,78,set_5
720575940631340815,720575940627107721,162,set_5
720575940631340815,720575940627117193,18,set_5
720575940631340815,720575940627253604,15,set_5
720575940631340815,720575940627358853,66,set_5
720575940631340815,720575940627366675,15,set_5
720575940631340815,720575940627403578,18,set_5
720575940631340815,720575940627732423,36,set_5
720575940631340815,720575940627812168,90,set_5
720575940631340815,720575940627826760,63,set_5
720575940631340815,720575940627827697,96,set_5
720575940631340815,720575940627828040,24,set_5
720575940631340815,720575940627847752,48,set_5
720575940631340815,720575940628360723,15,set_5
720575940631340815,720575940628459011,36,set_5
720575940631340815,720575940628539735,15,set_5
720575940631340815,720575940628755815,42,set_5
720575940631340815,720575940628780309,42,set_5
720575940631340815,720575940628826128,18,set_5
720575940631340815,720575940628883535,18,set_5
720575940631340815,720575940628936898,18,set_5
720575940631340815,720575940628995331,27,set_5
720575940631340815,720575940628997123,51,set_5
720575940631340815,720575940628998659,21,set_5
720575940631340815,720575940629000783,60,set_5
720575940631340815,720575940629005903,39,set_5
720575940631340815,720575940629024591,57,set_5
720575940631340815,720575940629304702,201,set_5
720575940631340815,720575940629412682,27,set_5
720575940631340815,720575940629639550,69,set_5
720575940631340815,720575940629804158,30,set_5
720575940631340815,720575940629805950,24,set_5
720575940631340815,720575940629845442,15,set_5
720575940631340815,720575940630012663,18,set_5
720575940631340815,720575940630135084,42,set_5
720575940631340815,720575940630232380,54,set_5
720575940631340815,720575940630233404,177,set_5
720575940631340815,720575940630251095,66,set_5
720575940631340815,720575940630291767,39,set_5
720575940631340815,720575940630488540,15,set_5
720575940631340815,720575940630589036,42,set_5
720575940631340815,720575940630691958,138,set_5
720575940631340815,720575940630839371,120,set_5
720575940631340815,720575940630991311,117,set_5
720575940631340815,720575940631022336,45,set_5
720575940631340815,720575940631092943,48,set_5
720575940631340815,720575940631108303,57,set_5
720575940631340815,720575940631271235,15,set_5
720575940631340815,720575940631293202,42,set_5
720575940631340815,720575940631314908,15,set_5
720575940631340815,720575940631328763,21,set_5
720575940631340815,720575940631549202,24,set_5
720575940631340815,720575940631629160,33,set_5
720575940631340815,720575940631959097,66,set_5
720575940631340815,720575940632043576,117,set_5
720575940631340815,720575940632047890,312,set_5
720575940631340815,720575940632252743,318,set_5
720575940631340815,720575940632281927,30,set_5
720575940631340815,720575940632486969,171,set_5
720575940631340815,720575940632726220,27,set_5
720575940631340815,720575940632752723,42,set_5
720575940631340815,720575940632973048,42,set_5
720575940631340815,720575940633170969,198,set_5
720575940631340815,720575940633185567,93,set_5
720575940631340815,720575940633218444,99,set_5
720575940631340815,720575940633316307,15,set_5
720575940631340815,720575940633336601,15,set_5
720575940631340815,720575940633529548,120,set_5
720575940631340815,720575940633772257,30,set_5
720575940631340815,720575940633941293,15,set_5
720575940631340815,720575940633996883,69,set_5
720575940631340815,720575940634527840,15,set_5
720575940631340815,720575940634528864,24,set_5
720575940631340815,720575940634560922,186,set_5
720575940631340815,720575940634903915,18,set_5
720575940631340815,720575940635028591,15,set_5
720575940631340815,720575940635166571,18,set_5
720575940631340815,720575940635202204,18,set_5
720575940631340815,720575940635360924,15,set_5
720575940631340815,720575940635527322,75,set_5
720575940631340815,720575940635596212,36,set_5
720575940631340815,720575940635967118,66,set_5
720575940631340815,720575940636029807,15,set_5
720575940631340815,720575940636079502,24,set_5
720575940631340815,720575940636165624,24,set_5
720575940631340815,720575940636346487,30,set_5
720575940631340815,720575940637607646,36,set_5
720575940631340815,720575940637656286,18,set_5
720575940631340815,720575940638024794,144,set_5
720575940631340815,720575940638204132,18,set_5
720575940631340815,720575940638714694,60,set_5
720575940631340815,720575940639726141,57,set_5
720575940631340815,720575940639742067,15,set_5
720575940631340815,720575940639831459,36,set_5
720575940631340815,720575940639994456,57,set_5
720575940631340815,720575940640978048,78,set_5
720575940631340815,720575940641211520,18,set_5
720575940631340815,720575940641281013,27,set_5
720575940631340815,720575940641282267,48,set_5
720575940631340815,720575940641480949,15,set_5
720575940631340815,720575940641655949,18,set_5
720575940631340815,720575940644542880,24,set_5
720575940631340815,720575940644639342,36,set_5
720575940631340815,720575940644659236,45,set_5
720575940631340815,720575940644669732,63,set_5
720575940631340815,720575940644726432,15,set_5
720575940631340815,720575940644758308,24,set_5
720575940631340815,720575940645039383,96,set_5
720575940631340815,720575940645527918,18,set_5
720575940631340815,720575940645972276,24,set_5
720575940631340815,720575940646068020,24,set_5
720575940631340815,720575940646526243,48,set_5
720575940631340815,720575940647003188,21,set_5
720575940631340815,720575940647029044,15,set_5
720575940631340815,720575940647030324,24,set_5
720575940631340815,720575940647030580,15,set_5
720575940631340815,720575940647228468,78,set_5
720575940631340815,720575940647560500,96,set_5
720575940631340815,720575940648188548,33,set_5
720575940631340815,720575940650357494,33,set_5
720575940631340815,720575940651928566,45,set_5
720575940631340815,720575940657604225,24,set_5
720575940631340815,720575940659056001,18,set_5
720575940631340815,720575940660233601,15,set_5
720575940631340815,720575940661338497,42,set_5
720575940632274914,720575940606239666,45,set_5
720575940632274914,720575940610000964,69,set_5
720575940632274914,720575940612910503,27,set_5
720575940632274914,720575940613943215,123,set_5
720575940632274914,720575940617636725,21,set_5
720575940632274914,720575940618472261,39,set_5
720575940632274914,720575940622054753,39,set_5
720575940632274914,720575940623209165,21,set_5
720575940632274914,720575940624928284,48,set_5
720575940632274914,720575940625081290,18,set_5
720575940632274914,720575940625807152,21,set_5
720575940632274914,720575940626767152,39,set_5
720575940632274914,720575940628668009,15,set_5
720575940632274914,720575940629422183,30,set_5
720575940632274914,720575940630589036,21,set_5
720575940632274914,720575940630867148,33,set_5
720575940632274914,720575940632341452,15,set_5
720575940632274914,720575940634085786,69,set_5
720575940632274914,720575940634090777,63,set_5
720575940632274914,720575940635202155,18,set_5
720575940632274914,720575940635816926,18,set_5
720575940632274914,720575940642428045,18,set_5
720575940632274914,720575940644676900,60,set_5
720575940632274914,720575940645108936,63,set_5
720575940633919992,720575940605707710,24,set_5
720575940633919992,720575940607472988,56,set_5
720575940633919992,720575940610232274,20,set_5
720575940633919992,720575940612984981,20,set_5
720575940633919992,720575940620359956,88,set_5
720575940633919992,720575940621651327,24,set_5
720575940633919992,720575940624222205,24,set_5
720575940633919992,720575940626835146,32,set_5
720575940633919992,720575940627113544,28,set_5
720575940633919992,720575940627704392,40,set_5
720575940633919992,720575940633170969,276,set_5
720575940633919992,720575940647606148,168,set_5
720575940635184735,720575940605707710,35,set_5
720575940635184735,720575940605890784,140,set_5
720575940635184735,720575940607386290,50,set_5
720575940635184735,720575940608735241,70,set_5
720575940635184735,720575940609133269,80,set_5
720575940635184735,720575940609939780,60,set_5
720575940635184735,720575940610584945,90,set_5
720575940635184735,720575940611160930,125,set_5
720575940635184735,720575940611164770,75,set_5
720575940635184735,720575940615811670,195,set_5
720575940635184735,720575940616200790,45,set_5
720575940635184735,720575940617296029,40,set_5
720575940635184735,720575940620359956,140,set_5
720575940635184735,720575940622391337,65,set_5
720575940635184735,720575940623017989,100,set_5
720575940635184735,720575940623476407,140,set_5
720575940635184735,720575940626557442,40,set_5
720575940635184735,720575940626625813,75,set_5
720575940635184735,720575940626968216,105,set_5
720575940635184735,720575940627083294,55,set_5
720575940635184735,720575940627182217,230,set_5
720575940635184735,720575940628029180,30,set_5
720575940635184735,720575940628787016,90,set_5
720575940635184735,720575940628995587,200,set_5
720575940635184735,720575940630771449,50,set_5
720575940635184735,720575940631994728,25,set_5
720575940635184735,720575940633218444,70,set_5
720575940635184735,720575940634210155,135,set_5
720575940635184735,720575940634301852,185,set_5
720575940635184735,720575940634900855,60,set_5
720575940635184735,720575940635166571,35,set_5
720575940635184735,720575940645495587,40,set_5
720575940635184735,720575940648864633,230,set_5
720575940635239672,720575940613747734,180,set_5
720575940635239672,720575940618216862,80,set_5
720575940635239672,720575940620506996,180,set_5
720575940635239672,720575940630981906,50,set_5
720575940635239672,720575940635527092,70,set_5
720575940635696279,720575940604247985,5,set_5
720575940635696279,720575940609592270,8,set_5
720575940635696279,720575940610594766,10,set_5
720575940635696279,720575940612270307,14,set_5
720575940635696279,720575940612478383,8,set_5
720575940635696279,720575940613533607,7,set_5
720575940635696279,720575940613695346,15,set_5
720575940635696279,720575940613747734,34,set_5
720575940635696279,720575940616203869,16,set_5
720575940635696279,720575940616217403,5,set_5
720575940635696279,720575940620008112,14,set_5
720575940635696279,720575940620506996,59,set_5
720575940635696279,720575940621126384,41,set_5
720575940635696279,720575940621169690,42,set_5
720575940635696279,720575940623988733,26,set_5
720575940635696279,720575940624528068,21,set_5
720575940635696279,720575940625799513,20,set_5
720575940635696279,720575940626197593,9,set_5
720575940635696279,720575940626598994,8,set_5
720575940635696279,720575940628287546,8,set_5
720575940635696279,720575940628781333,67,set_5
720575940635696279,720575940631394920,8,set_5
720575940635696279,720575940631829279,15,set_5
720575940635696279,720575940634659508,6,set_5
720575940635696279,720575940637391423,10,set_5
720575940635696279,720575940639786915,12,set_5
720575940635696279,720575940640681680,10,set_5
720575940636895406,720575940613747734,120,set_5
720575940636895406,720575940613944994,60,set_5
720575940636895406,720575940616071563,50,set_5
720575940636895406,720575940618472261,50,set_5
720575940636895406,720575940620506996,210,set_5
720575940636895406,720575940620833901,50,set_5
720575940636895406,720575940621345012,60,set_5
720575940636895406,720575940627463043,50,set_5
720575940636895406,720575940635527092,120,set_5
720575940638604915,720575940611018865,24,set_5
720575940638604915,720575940612470755,18,set_5
720575940638604915,720575940614635175,10,set_5
720575940638604915,720575940614660519,20,set_5
720575940638604915,720575940615495839,50,set_5
720575940638604915,720575940615672130,30,set_5
720575940638604915,720575940617678566,76,set_5
720575940638604915,720575940617787963,42,set_5
720575940638604915,720575940618165787,10,set_5
720575940638604915,720575940618166811,46,set_5
720575940638604915,720575940618472261,24,set_5
720575940638604915,720575940619128699,22,set_5
720575940638604915,720575940620025620,42,set_5
720575940638604915,720575940620262465,102,set_5
720575940638604915,720575940620353300,18,set_5
720575940638604915,720575940621662332,56,set_5
720575940638604915,720575940622123144,20,set_5
720575940638604915,720575940622154266,16,set_5
720575940638604915,720575940622493260,38,set_5
720575940638604915,720575940622810153,118,set_5
720575940638604915,720575940623209165,12,set_5
720575940638604915,720575940624600840,160,set_5
720575940638604915,720575940624928284,28,set_5
720575940638604915,720575940625172016,62,set_5
720575940638604915,720575940625339981,34,set_5
720575940638604915,720575940625376442,10,set_5
720575940638604915,720575940626668218,40,set_5
720575940638604915,720575940626826288,82,set_5
720575940638604915,720575940627254856,10,set_5
720575940638604915,720575940627667530,20,set_5
720575940638604915,720575940627815080,18,set_5
720575940638604915,720575940629576451,12,set_5
720575940638604915,720575940630589036,132,set_5
720575940638604915,720575940630670454,30,set_5
720575940638604915,720575940630679801,24,set_5
720575940638604915,720575940630773495,22,set_5
720575940638604915,720575940631092943,200,set_5
720575940638604915,720575940631111983,12,set_5
720575940638604915,720575940631619948,16,set_5
720575940638604915,720575940631742381,26,set_5
720575940638604915,720575940633941293,156,set_5
720575940638604915,720575940635229303,14,set_5
720575940638604915,720575940639512192,18,set_5
720575940638604915,720575940641648091,62,set_5
720575940638604915,720575940643823470,10,set_5
720575940638604915,720575940643867296,30,set_5
720575940639339829,720575940606866377,18,set_5
720575940639339829,720575940607162754,84,set_5
720575940639339829,720575940609922372,24,set_5
720575940639339829,720575940610054980,21,set_5
720575940639339829,720575940610173048,201,set_5
720575940639339829,720575940612208858,60,set_5
720575940639339829,720575940612686233,21,set_5
720575940639339829,720575940612692633,33,set_5
720575940639339829,720575940613640685,81,set_5
720575940639339829,720575940614714514,51,set_5
720575940639339829,720575940614736290,81,set_5
720575940639339829,720575940615894614,36,set_5
720575940639339829,720575940616065254,15,set_5
720575940639339829,720575940616071483,24,set_5
720575940639339829,720575940616162866,36,set_5
720575940639339829,720575940617393625,24,set_5
720575940639339829,720575940617917579,51,set_5
720575940639339829,720575940618165787,87,set_5
720575940639339829,720575940618166811,24,set_5
720575940639339829,720575940619042427,219,set_5
720575940639339829,720575940619473624,21,set_5
720575940639339829,720575940619781814,24,set_5
720575940639339829,720575940619900507,33,set_5
720575940639339829,720575940620780272,15,set_5
720575940639339829,720575940620833901,15,set_5
720575940639339829,720575940621047632,54,set_5
720575940639339829,720575940621116073,30,set_5
720575940639339829,720575940621329328,27,set_5
720575940639339829,720575940621569728,24,set_5
720575940639339829,720575940621667693,39,set_5
720575940639339829,720575940621833281,111,set_5
720575940639339829,720575940621894750,30,set_5
720575940639339829,720575940622054753,18,set_5
720575940639339829,720575940622195625,57,set_5
720575940639339829,720575940622657268,30,set_5
720575940639339829,720575940623137818,15,set_5
720575940639339829,720575940623209165,102,set_5
720575940639339829,720575940623535044,24,set_5
720575940639339829,720575940625454108,21,set_5
720575940639339829,720575940625874992,24,set_5
720575940639339829,720575940626243428,162,set_5
720575940639339829,720575940626919144,54,set_5
720575940639339829,720575940627356459,54,set_5
720575940639339829,720575940627359109,18,set_5
720575940639339829,720575940627359228,24,set_5
720575940639339829,720575940627828296,45,set_5
720575940639339829,720575940628070419,165,set_5
720575940639339829,720575940628598121,123,set_5
720575940639339829,720575940628676457,30,set_5
720575940639339829,720575940629266988,21,set_5
720575940639339829,720575940630664556,177,set_5
720575940639339829,720575940630665210,27,set_5
720575940639339829,720575940630691958,114,set_5
720575940639339829,720575940630980559,156,set_5
720575940639339829,720575940631179831,15,set_5
720575940639339829,720575940631365340,27,set_5
720575940639339829,720575940632118156,84,set_5
720575940639339829,720575940632134227,18,set_5
720575940639339829,720575940633195148,18,set_5
720575940639339829,720575940633772257,18,set_5
720575940639339829,720575940633824864,24,set_5
720575940639339829,720575940634093337,24,set_5
720575940639339829,720575940634105439,96,set_5
720575940639339829,720575940634645600,111,set_5
720575940639339829,720575940635527092,24,set_5
720575940639339829,720575940635527322,57,set_5
720575940639339829,720575940637360730,78,set_5
720575940639339829,720575940639206077,24,set_5
720575940639339829,720575940639512192,57,set_5
720575940639339829,720575940639831459,21,set_5
720575940647036980,720575940611548878,320,set_5
720575940647036980,720575940612692633,80,set_5
720575940647036980,720575940613004402,65,set_5
720575940647036980,720575940616864217,265,set_5
720575940647036980,720575940617678566,55,set_5
720575940647036980,720575940617787963,25,set_5
720575940647036980,720575940618165019,860,set_5
720575940647036980,720575940618166811,75,set_5
720575940647036980,720575940618539810,55,set_5
720575940647036980,720575940619016059,675,set_5
720575940647036980,720575940619549867,25,set_5
720575940647036980,720575940620025620,275,set_5
720575940647036980,720575940621047632,85,set_5
720575940647036980,720575940621833281,25,set_5
720575940647036980,720575940622493260,275,set_5
720575940647036980,720575940622810153,650,set_5
720575940647036980,720575940623535044,35,set_5
720575940647036980,720575940623690474,30,set_5
720575940647036980,720575940625874992,555,set_5
720575940647036980,720575940626163658,75,set_5
720575940647036980,720575940627419962,320,set_5
720575940647036980,720575940628743752,435,set_5
720575940647036980,720575940629778554,165,set_5
720575940647036980,720575940630232380,45,set_5
720575940647036980,720575940630233404,155,set_5
720575940647036980,720575940630605881,25,set_5
720575940647036980,720575940630868793,615,set_5
720575940647036980,720575940632281927,615,set_5
720575940647036980,720575940632727756,625,set_5
720575940647036980,720575940633213792,190,set_5
720575940647036980,720575940635297911,40,set_5
720575940647036980,720575940636165624,65,set_5
720575940647036980,720575940637216624,65,set_5
720575940647036980,720575940639831459,25,set_5
720575940647036980,720575940643867296,1875,set_5
720575940647036980,720575940645527918,180,set_5
720575940647036980,720575940647030580,130,set_5
720575940647036980,720575940661338497,415,set_5
