root_id,upstream_set_5_2Ns,set_5_syn_count,const,input_synapses_x,%_set_5_input,input_synapses_y,input_synapses,pct_set_5_input,avg_upstream_synapses,neuron_type,#_projection_synapses
720575940603201452,1,18,1,18,100.0,18,0,0.0,18.0,projection,350
720575940604247985,2,13,1,13,100.0,13,0,0.0,6.5,local,0
720575940604486880,1,6,1,6,100.0,6,0,0.0,6.0,projection,141
720575940604791217,3,188,1,188,100.0,188,0,0.0,62.666666666666664,local,0
720575940605218220,1,72,1,72,100.0,72,0,0.0,72.0,projection,9
720575940605443017,2,93,1,93,100.0,93,0,0.0,46.5,local,0
720575940605647234,2,72,1,72,100.0,72,0,0.0,36.0,projection,30
720575940605682790,1,775,1,775,100.0,775,0,0.0,775.0,local,0
720575940605694240,1,96,1,96,100.0,96,0,0.0,96.0,local,0
720575940605698080,1,30,1,30,100.0,30,0,0.0,30.0,local,0
720575940605707710,2,59,1,59,100.0,59,0,0.0,29.5,local,0
720575940605714878,1,84,1,84,100.0,84,0,0.0,84.0,local,0
720575940605890784,2,146,1,146,100.0,146,0,0.0,73.0,local,0
720575940606239666,1,45,1,45,100.0,45,0,0.0,45.0,local,0
720575940606254002,1,10,1,10,100.0,10,0,0.0,10.0,local,0
720575940606425033,1,66,1,66,100.0,66,0,0.0,66.0,local,0
720575940606428850,1,21,1,21,100.0,21,0,0.0,21.0,local,0
720575940606676572,1,48,1,48,100.0,48,0,0.0,48.0,local,0
720575940606866377,4,188,1,188,100.0,188,0,0.0,47.0,local,0
720575940606867145,1,84,1,84,100.0,84,0,0.0,84.0,projection,16
720575940607071106,2,80,1,80,100.0,80,0,0.0,40.0,local,0
720575940607162754,5,680,1,680,100.0,680,0,0.0,136.0,local,0
720575940607225609,1,5,1,5,100.0,5,0,0.0,5.0,projection,164
720575940607272649,2,290,1,290,100.0,290,0,0.0,145.0,local,0
720575940607345586,3,140,1,140,100.0,140,0,0.0,46.666666666666664,local,0
720575940607375794,2,27,1,27,100.0,27,0,0.0,13.5,local,0
720575940607377586,1,48,1,48,100.0,48,0,0.0,48.0,local,0
720575940607386290,3,75,1,75,100.0,75,0,0.0,25.0,local,0
720575940607472988,3,131,1,131,100.0,131,0,0.0,43.666666666666664,local,0
720575940607874315,1,8,1,8,100.0,8,0,0.0,8.0,projection,70
720575940607877833,1,7,1,7,100.0,7,0,0.0,7.0,local,0
720575940608188427,1,60,1,60,100.0,60,0,0.0,60.0,local,0
720575940608239371,1,55,1,55,100.0,55,0,0.0,55.0,local,0
720575940608370645,1,80,1,80,100.0,80,0,0.0,80.0,local,0
720575940608400323,1,18,1,18,100.0,18,0,0.0,18.0,projection,373
720575940608451420,2,38,1,38,100.0,38,0,0.0,19.0,local,0
720575940608471900,1,30,1,30,100.0,30,0,0.0,30.0,projection,78
720575940608498780,3,150,1,150,100.0,150,0,0.0,50.0,local,0
720575940608500316,1,39,1,39,100.0,39,0,0.0,39.0,local,0
720575940608713993,2,145,1,145,100.0,145,0,0.0,72.5,local,0
720575940608735241,2,85,1,85,100.0,85,0,0.0,42.5,local,0
720575940609133269,4,143,1,143,100.0,143,0,0.0,35.75,projection,316
720575940609405635,1,30,1,30,100.0,30,0,0.0,30.0,projection,64
720575940609407939,2,54,1,54,100.0,54,0,0.0,27.0,local,0
720575940609423299,1,16,1,16,100.0,16,0,0.0,16.0,local,0
720575940609592270,3,84,1,84,100.0,84,0,0.0,28.0,local,0
720575940609922372,6,922,1,922,100.0,922,0,0.0,153.66666666666666,local,0
720575940609937476,2,136,1,136,100.0,136,0,0.0,68.0,local,0
720575940609939780,1,60,1,60,100.0,60,0,0.0,60.0,local,0
720575940609993284,6,475,1,475,100.0,475,0,0.0,79.16666666666667,local,0
720575940610000964,1,69,1,69,100.0,69,0,0.0,69.0,local,0
720575940610054980,6,187,1,187,100.0,187,0,0.0,31.166666666666668,local,0
720575940610173048,3,306,1,306,100.0,306,0,0.0,102.0,local,0
720575940610232274,4,84,1,84,100.0,84,0,0.0,21.0,local,0
720575940610356849,1,18,1,18,100.0,18,0,0.0,18.0,projection,7
720575940610524339,2,90,1,90,100.0,90,0,0.0,45.0,local,0
720575940610584945,2,106,1,106,100.0,106,0,0.0,53.0,local,0
720575940610594766,2,22,1,22,100.0,22,0,0.0,11.0,local,0
720575940610604078,1,84,1,84,100.0,84,0,0.0,84.0,local,0
720575940610604334,1,70,1,70,100.0,70,0,0.0,70.0,projection,24
720575940610605614,1,18,1,18,100.0,18,0,0.0,18.0,projection,148
720575940610606126,1,12,1,12,100.0,12,0,0.0,12.0,local,0
720575940610610841,1,15,1,15,100.0,15,0,0.0,15.0,local,0
720575940610652002,1,120,1,120,100.0,120,0,0.0,120.0,projection,1618
720575940610708430,1,7,1,7,100.0,7,0,0.0,7.0,projection,1201
720575940610803554,1,15,1,15,100.0,15,0,0.0,15.0,projection,147
720575940610986006,3,57,1,57,100.0,57,0,0.0,19.0,local,0
720575940611018865,4,332,1,332,100.0,332,0,0.0,83.0,local,0
720575940611160930,2,176,1,176,100.0,176,0,0.0,88.0,projection,394
720575940611164770,1,75,1,75,100.0,75,0,0.0,75.0,projection,1481
720575940611167842,2,446,1,446,100.0,446,0,0.0,223.0,local,0
720575940611352538,1,10,1,10,100.0,10,0,0.0,10.0,projection,160
720575940611442296,1,48,1,48,100.0,48,0,0.0,48.0,local,0
720575940611475698,1,70,1,70,100.0,70,0,0.0,70.0,local,0
720575940611548878,3,363,1,363,100.0,363,0,0.0,121.0,local,0
720575940611549902,3,94,1,94,100.0,94,0,0.0,31.333333333333332,local,0
720575940611715813,4,111,1,111,100.0,111,0,0.0,27.75,local,0
720575940611735514,1,30,1,30,100.0,30,0,0.0,30.0,projection,524
720575940611782874,2,37,1,37,100.0,37,0,0.0,18.5,projection,60
720575940611849826,1,10,1,10,100.0,10,0,0.0,10.0,local,0
720575940611858906,1,25,1,25,100.0,25,0,0.0,25.0,local,0
720575940611859057,1,18,1,18,100.0,18,0,0.0,18.0,projection,181
720575940612208858,4,267,1,267,100.0,267,0,0.0,66.75,local,0
720575940612256938,1,44,1,44,100.0,44,0,0.0,44.0,local,0
720575940612261603,2,142,1,142,100.0,142,0,0.0,71.0,local,0
720575940612270307,2,19,1,19,100.0,19,0,0.0,9.5,local,0
720575940612277090,3,80,1,80,100.0,80,0,0.0,26.666666666666668,local,0
720575940612319155,1,25,1,25,100.0,25,0,0.0,25.0,projection,198
720575940612339123,2,69,1,69,100.0,69,0,0.0,34.5,local,0
720575940612354034,3,213,1,213,100.0,213,0,0.0,71.0,local,0
720575940612423922,1,35,1,35,100.0,35,0,0.0,35.0,local,0
720575940612438514,2,86,1,86,100.0,86,0,0.0,43.0,local,0
720575940612443890,1,45,1,45,100.0,45,0,0.0,45.0,local,0
720575940612470755,2,48,1,48,100.0,48,0,0.0,24.0,local,0
720575940612478383,2,16,1,16,100.0,16,0,0.0,8.0,local,0
720575940612564135,1,20,1,20,100.0,20,0,0.0,20.0,local,0
720575940612572131,2,32,1,32,100.0,32,0,0.0,16.0,projection,1229
720575940612603289,1,15,1,15,100.0,15,0,0.0,15.0,projection,378
720575940612686233,2,69,1,69,100.0,69,0,0.0,34.5,local,0
720575940612692633,5,346,1,346,100.0,346,0,0.0,69.2,local,0
720575940612692889,1,40,1,40,100.0,40,0,0.0,40.0,local,0
720575940612772915,2,285,1,285,100.0,285,0,0.0,142.5,local,0
720575940612906518,1,16,1,16,100.0,16,0,0.0,16.0,local,0
720575940612910503,1,27,1,27,100.0,27,0,0.0,27.0,local,0
720575940612984981,2,36,1,36,100.0,36,0,0.0,18.0,local,0
720575940613004402,2,125,1,125,100.0,125,0,0.0,62.5,local,0
720575940613120721,2,44,1,44,100.0,44,0,0.0,22.0,local,0
720575940613170385,3,131,1,131,100.0,131,0,0.0,43.666666666666664,local,0
720575940613222195,1,50,1,50,100.0,50,0,0.0,50.0,local,0
720575940613347299,2,56,1,56,100.0,56,0,0.0,28.0,projection,12
720575940613356851,3,87,1,87,100.0,87,0,0.0,29.0,local,0
720575940613408552,1,24,1,24,100.0,24,0,0.0,24.0,projection,65
720575940613501337,1,33,1,33,100.0,33,0,0.0,33.0,projection,269
720575940613533607,2,15,1,15,100.0,15,0,0.0,7.5,local,0
720575940613563117,3,179,1,179,100.0,179,0,0.0,59.666666666666664,local,0
720575940613640685,6,442,1,442,100.0,442,0,0.0,73.66666666666667,local,0
720575940613695346,2,21,1,21,100.0,21,0,0.0,10.5,local,0
720575940613743569,2,37,1,37,100.0,37,0,0.0,18.5,local,0
720575940613747734,4,379,1,379,100.0,379,0,0.0,94.75,local,0
720575940613825814,1,60,1,60,100.0,60,0,0.0,60.0,local,0
720575940613828202,1,42,1,42,100.0,42,0,0.0,42.0,local,0
720575940613929391,1,6,1,6,100.0,6,0,0.0,6.0,local,0
720575940613941618,1,33,1,33,100.0,33,0,0.0,33.0,projection,279
720575940613943215,1,123,1,123,100.0,123,0,0.0,123.0,local,0
720575940613944994,3,95,1,95,100.0,95,0,0.0,31.666666666666668,projection,4319
720575940613992657,1,32,1,32,100.0,32,0,0.0,32.0,projection,4357
720575940614099818,1,9,1,9,100.0,9,0,0.0,9.0,local,0
720575940614128691,2,77,1,77,100.0,77,0,0.0,38.5,projection,10
720575940614165201,1,93,1,93,100.0,93,0,0.0,93.0,local,0
720575940614352278,1,33,1,33,100.0,33,0,0.0,33.0,local,0
720575940614432918,1,147,1,147,100.0,147,0,0.0,147.0,projection,1430
720575940614465478,1,21,1,21,100.0,21,0,0.0,21.0,local,0
720575940614572542,1,13,1,13,100.0,13,0,0.0,13.0,projection,144
720575940614604525,1,10,1,10,100.0,10,0,0.0,10.0,local,0
720575940614604962,1,30,1,30,100.0,30,0,0.0,30.0,projection,382
720575940614635175,3,115,1,115,100.0,115,0,0.0,38.333333333333336,projection,5
720575940614660519,2,45,1,45,100.0,45,0,0.0,22.5,local,0
720575940614714514,5,826,1,826,100.0,826,0,0.0,165.2,local,0
720575940614730914,1,15,1,15,100.0,15,0,0.0,15.0,projection,341
720575940614736290,5,587,1,587,100.0,587,0,0.0,117.4,local,0
720575940614740374,1,15,1,15,100.0,15,0,0.0,15.0,projection,50
720575940614753653,1,24,1,24,100.0,24,0,0.0,24.0,projection,14
720575940614763666,2,179,1,179,100.0,179,0,0.0,89.5,local,0
720575940614935859,1,15,1,15,100.0,15,0,0.0,15.0,projection,33
720575940614954536,3,146,1,146,100.0,146,0,0.0,48.666666666666664,local,0
720575940615050346,1,14,1,14,100.0,14,0,0.0,14.0,local,0
720575940615063592,3,178,1,178,100.0,178,0,0.0,59.333333333333336,local,0
720575940615076162,1,40,1,40,100.0,40,0,0.0,40.0,projection,15
720575940615153494,1,45,1,45,100.0,45,0,0.0,45.0,local,0
720575940615228467,1,7,1,7,100.0,7,0,0.0,7.0,projection,8
720575940615292895,2,60,1,60,100.0,60,0,0.0,30.0,local,0
720575940615410911,1,51,1,51,100.0,51,0,0.0,51.0,local,0
720575940615495839,5,289,1,289,100.0,289,0,0.0,57.8,local,0
720575940615583650,1,88,1,88,100.0,88,0,0.0,88.0,local,0
720575940615655611,1,15,1,15,100.0,15,0,0.0,15.0,projection,873
720575940615671106,2,390,1,390,100.0,390,0,0.0,195.0,local,0
720575940615672130,4,105,1,105,100.0,105,0,0.0,26.25,local,0
720575940615811670,1,195,1,195,100.0,195,0,0.0,195.0,local,0
720575940615824011,2,61,1,61,100.0,61,0,0.0,30.5,projection,53
720575940615894614,3,706,1,706,100.0,706,0,0.0,235.33333333333334,local,0
720575940616014092,1,24,1,24,100.0,24,0,0.0,24.0,local,0
720575940616018956,4,67,1,67,100.0,67,0,0.0,16.75,projection,446
720575940616028475,1,7,1,7,100.0,7,0,0.0,7.0,local,0
720575940616038294,1,82,1,82,100.0,82,0,0.0,82.0,local,0
720575940616065254,5,203,1,203,100.0,203,0,0.0,40.6,local,0
720575940616067890,1,18,1,18,100.0,18,0,0.0,18.0,local,0
720575940616071483,4,326,1,326,100.0,326,0,0.0,81.5,local,0
720575940616071563,1,50,1,50,100.0,50,0,0.0,50.0,projection,663
720575940616162866,2,181,1,181,100.0,181,0,0.0,90.5,local,0
720575940616164658,1,27,1,27,100.0,27,0,0.0,27.0,local,0
720575940616167730,6,974,1,974,100.0,974,0,0.0,162.33333333333334,local,0
720575940616169010,1,25,1,25,100.0,25,0,0.0,25.0,local,0
720575940616185531,1,18,1,18,100.0,18,0,0.0,18.0,local,0
720575940616194610,4,108,1,108,100.0,108,0,0.0,27.0,local,0
720575940616200790,2,59,1,59,100.0,59,0,0.0,29.5,projection,760
720575940616203869,3,36,1,36,100.0,36,0,0.0,12.0,local,0
720575940616217403,1,5,1,5,100.0,5,0,0.0,5.0,local,0
720575940616286175,1,15,1,15,100.0,15,0,0.0,15.0,projection,43
720575940616423647,1,34,1,34,100.0,34,0,0.0,34.0,projection,1022
720575940616466260,1,18,1,18,100.0,18,0,0.0,18.0,local,0
720575940616497477,2,162,1,162,100.0,162,0,0.0,81.0,local,0
720575940616597334,1,84,1,84,100.0,84,0,0.0,84.0,local,0
720575940616618053,1,20,1,20,100.0,20,0,0.0,20.0,local,0
720575940616829401,1,25,1,25,100.0,25,0,0.0,25.0,projection,98
720575940616840665,2,29,1,29,100.0,29,0,0.0,14.5,projection,169
720575940616851030,1,11,1,11,100.0,11,0,0.0,11.0,local,0
720575940616864086,1,36,1,36,100.0,36,0,0.0,36.0,local,0
720575940616864217,2,304,1,304,100.0,304,0,0.0,152.0,local,0
720575940617024562,1,15,1,15,100.0,15,0,0.0,15.0,projection,57
720575940617031385,1,84,1,84,100.0,84,0,0.0,84.0,local,0
720575940617089241,1,30,1,30,100.0,30,0,0.0,30.0,projection,308
720575940617151266,1,11,1,11,100.0,11,0,0.0,11.0,local,0
720575940617190361,1,27,1,27,100.0,27,0,0.0,27.0,projection,284
720575940617241629,1,24,1,24,100.0,24,0,0.0,24.0,local,0
720575940617290043,1,27,1,27,100.0,27,0,0.0,27.0,local,0
720575940617296029,1,40,1,40,100.0,40,0,0.0,40.0,local,0
720575940617298747,1,30,1,30,100.0,30,0,0.0,30.0,local,0
720575940617299515,3,133,1,133,100.0,133,0,0.0,44.333333333333336,projection,6
720575940617335382,1,7,1,7,100.0,7,0,0.0,7.0,projection,542
720575940617346718,1,10,1,10,100.0,10,0,0.0,10.0,local,0
720575940617393625,4,150,1,150,100.0,150,0,0.0,37.5,local,0
720575940617398745,1,14,1,14,100.0,14,0,0.0,14.0,projection,362
720575940617438016,1,20,1,20,100.0,20,0,0.0,20.0,projection,283
720575940617444130,1,24,1,24,100.0,24,0,0.0,24.0,projection,2955
720575940617488477,1,45,1,45,100.0,45,0,0.0,45.0,local,0
720575940617494877,4,133,1,133,100.0,133,0,0.0,33.25,local,0
720575940617552057,1,26,1,26,100.0,26,0,0.0,26.0,local,0
720575940617630182,1,10,1,10,100.0,10,0,0.0,10.0,projection,162
720575940617636213,2,135,1,135,100.0,135,0,0.0,67.5,local,0
720575940617636725,2,180,1,180,100.0,180,0,0.0,90.0,local,0
720575940617663537,3,103,1,103,100.0,103,0,0.0,34.333333333333336,local,0
720575940617678566,9,1154,1,1154,100.0,1154,0,0.0,128.22222222222223,local,0
720575940617690658,1,24,1,24,100.0,24,0,0.0,24.0,projection,306
720575940617691170,2,46,1,46,100.0,46,0,0.0,23.0,projection,765
720575940617787963,8,1264,1,1264,100.0,1264,0,0.0,158.0,local,0
720575940617854676,1,24,1,24,100.0,24,0,0.0,24.0,projection,718
720575940617917579,3,111,1,111,100.0,111,0,0.0,37.0,local,0
720575940617950877,1,78,1,78,100.0,78,0,0.0,78.0,local,0
720575940617999700,1,14,1,14,100.0,14,0,0.0,14.0,local,0
720575940618028125,1,12,1,12,100.0,12,0,0.0,12.0,local,0
720575940618118485,1,10,1,10,100.0,10,0,0.0,10.0,projection,655
720575940618135419,3,139,1,139,100.0,139,0,0.0,46.333333333333336,local,0
720575940618165019,5,1658,1,1658,100.0,1658,0,0.0,331.6,local,0
720575940618165393,1,15,1,15,100.0,15,0,0.0,15.0,projection,5893
720575940618165787,7,884,1,884,100.0,884,0,0.0,126.28571428571429,local,0
720575940618166811,7,294,1,294,100.0,294,0,0.0,42.0,local,0
720575940618216862,1,80,1,80,100.0,80,0,0.0,80.0,projection,1124
720575940618472261,7,322,1,322,100.0,322,0,0.0,46.0,local,0
720575940618514043,3,188,1,188,100.0,188,0,0.0,62.666666666666664,local,0
720575940618539810,4,286,1,286,100.0,286,0,0.0,71.5,local,0
720575940618574749,1,18,1,18,100.0,18,0,0.0,18.0,local,0
720575940618726454,1,11,1,11,100.0,11,0,0.0,11.0,projection,668
720575940618788944,1,30,1,30,100.0,30,0,0.0,30.0,local,0
720575940618859480,2,57,1,57,100.0,57,0,0.0,28.5,local,0
720575940618936710,1,30,1,30,100.0,30,0,0.0,30.0,local,0
720575940618963732,2,36,1,36,100.0,36,0,0.0,18.0,local,0
720575940619016059,2,741,1,741,100.0,741,0,0.0,370.5,local,0
720575940619042427,4,645,1,645,100.0,645,0,0.0,161.25,local,0
720575940619058334,3,55,1,55,100.0,55,0,0.0,18.333333333333332,local,0
720575940619097905,1,15,1,15,100.0,15,0,0.0,15.0,local,0
720575940619111515,2,18,1,18,100.0,18,0,0.0,9.0,local,0
720575940619114048,1,38,1,38,100.0,38,0,0.0,38.0,local,0
720575940619128699,4,327,1,327,100.0,327,0,0.0,81.75,local,0
720575940619176094,1,72,1,72,100.0,72,0,0.0,72.0,projection,37
720575940619191966,1,24,1,24,100.0,24,0,0.0,24.0,projection,166
720575940619310757,4,150,1,150,100.0,150,0,0.0,37.5,local,0
720575940619436225,1,20,1,20,100.0,20,0,0.0,20.0,projection,978
720575940619451989,1,7,1,7,100.0,7,0,0.0,7.0,projection,57
720575940619473624,3,268,1,268,100.0,268,0,0.0,89.33333333333333,local,0
720575940619549867,4,202,1,202,100.0,202,0,0.0,50.5,local,0
720575940619652033,1,28,1,28,100.0,28,0,0.0,28.0,local,0
720575940619728037,1,18,1,18,100.0,18,0,0.0,18.0,projection,538
720575940619757366,1,30,1,30,100.0,30,0,0.0,30.0,projection,138
720575940619766869,1,5,1,5,100.0,5,0,0.0,5.0,projection,107
720575940619771375,1,10,1,10,100.0,10,0,0.0,10.0,local,0
720575940619781814,3,164,1,164,100.0,164,0,0.0,54.666666666666664,local,0
720575940619847371,1,12,1,12,100.0,12,0,0.0,12.0,local,0
720575940619866059,2,55,1,55,100.0,55,0,0.0,27.5,local,0
720575940619877396,2,384,1,384,100.0,384,0,0.0,192.0,local,0
720575940619888622,1,9,1,9,100.0,9,0,0.0,9.0,local,0
720575940619898526,1,39,1,39,100.0,39,0,0.0,39.0,local,0
720575940619900507,2,218,1,218,100.0,218,0,0.0,109.0,local,0
720575940619945931,1,27,1,27,100.0,27,0,0.0,27.0,local,0
720575940619973712,3,457,1,457,100.0,457,0,0.0,152.33333333333334,local,0
720575940620025620,8,854,1,854,100.0,854,0,0.0,106.75,local,0
720575940620031366,2,80,1,80,100.0,80,0,0.0,40.0,local,0
720575940620096171,2,83,1,83,100.0,83,0,0.0,41.5,local,0
720575940620129182,2,81,1,81,100.0,81,0,0.0,40.5,local,0
720575940620156209,2,401,1,401,100.0,401,0,0.0,200.5,local,0
720575940620170887,1,40,1,40,100.0,40,0,0.0,40.0,local,0
720575940620177543,2,30,1,30,100.0,30,0,0.0,15.0,local,0
720575940620182151,2,50,1,50,100.0,50,0,0.0,25.0,local,0
720575940620217582,3,217,1,217,100.0,217,0,0.0,72.33333333333333,local,0
720575940620262465,7,587,1,587,100.0,587,0,0.0,83.85714285714286,local,0
720575940620274085,1,54,1,54,100.0,54,0,0.0,54.0,local,0
720575940620298772,1,120,1,120,100.0,120,0,0.0,120.0,local,0
720575940620335269,2,49,1,49,100.0,49,0,0.0,24.5,local,0
720575940620353300,7,1349,1,1349,100.0,1349,0,0.0,192.71428571428572,local,0
720575940620359956,10,700,1,700,100.0,700,0,0.0,70.0,local,0
720575940620411169,1,36,1,36,100.0,36,0,0.0,36.0,local,0
720575940620445062,2,193,1,193,100.0,193,0,0.0,96.5,projection,2380
720575940620451866,1,66,1,66,100.0,66,0,0.0,66.0,local,0
720575940620497062,1,24,1,24,100.0,24,0,0.0,24.0,local,0
720575940620506996,5,516,1,516,100.0,516,0,0.0,103.2,local,0
720575940620550534,3,56,1,56,100.0,56,0,0.0,18.666666666666668,local,0
720575940620553094,3,85,1,85,100.0,85,0,0.0,28.333333333333332,local,0
720575940620626011,1,5,1,5,100.0,5,0,0.0,5.0,local,0
720575940620627035,4,393,1,393,100.0,393,0,0.0,98.25,local,0
720575940620633070,1,25,1,25,100.0,25,0,0.0,25.0,projection,146
720575940620633947,1,17,1,17,100.0,17,0,0.0,17.0,local,0
720575940620672432,2,61,1,61,100.0,61,0,0.0,30.5,local,0
720575940620692974,2,85,1,85,100.0,85,0,0.0,42.5,local,0
720575940620714150,1,27,1,27,100.0,27,0,0.0,27.0,local,0
720575940620735258,3,105,1,105,100.0,105,0,0.0,35.0,local,0
720575940620741102,4,630,1,630,100.0,630,0,0.0,157.5,local,0
720575940620748457,2,95,1,95,100.0,95,0,0.0,47.5,local,0
720575940620763584,1,99,1,99,100.0,99,0,0.0,99.0,projection,6
720575940620778223,2,77,1,77,100.0,77,0,0.0,38.5,local,0
720575940620780272,3,220,1,220,100.0,220,0,0.0,73.33333333333333,local,0
720575940620819659,2,45,1,45,100.0,45,0,0.0,22.5,local,0
720575940620833901,5,182,1,182,100.0,182,0,0.0,36.4,projection,468
720575940620866544,1,32,1,32,100.0,32,0,0.0,32.0,local,0
720575940620874757,1,14,1,14,100.0,14,0,0.0,14.0,local,0
720575940620979638,1,24,1,24,100.0,24,0,0.0,24.0,local,0
720575940620982437,1,87,1,87,100.0,87,0,0.0,87.0,local,0
720575940621040737,1,50,1,50,100.0,50,0,0.0,50.0,projection,770
720575940621047632,3,157,1,157,100.0,157,0,0.0,52.333333333333336,local,0
720575940621116073,2,175,1,175,100.0,175,0,0.0,87.5,local,0
720575940621149709,2,89,1,89,100.0,89,0,0.0,44.5,local,0
720575940621218694,5,130,1,130,100.0,130,0,0.0,26.0,local,0
720575940621256384,2,239,1,239,100.0,239,0,0.0,119.5,local,0
720575940621261296,2,369,1,369,100.0,369,0,0.0,184.5,local,0
720575940621325150,1,30,1,30,100.0,30,0,0.0,30.0,projection,77
720575940621329328,4,101,1,101,100.0,101,0,0.0,25.25,local,0
720575940621332092,2,25,1,25,100.0,25,0,0.0,12.5,local,0
720575940621345012,1,60,1,60,100.0,60,0,0.0,60.0,local,0
720575940621354736,1,27,1,27,100.0,27,0,0.0,27.0,local,0
720575940621373052,1,10,1,10,100.0,10,0,0.0,10.0,projection,618
720575940621490721,2,499,1,499,100.0,499,0,0.0,249.5,projection,5
720575940621569728,2,42,1,42,100.0,42,0,0.0,21.0,local,0
720575940621573542,1,16,1,16,100.0,16,0,0.0,16.0,local,0
720575940621586854,1,102,1,102,100.0,102,0,0.0,102.0,local,0
720575940621616381,1,10,1,10,100.0,10,0,0.0,10.0,projection,319
720575940621633683,2,153,1,153,100.0,153,0,0.0,76.5,projection,60
720575940621651327,1,24,1,24,100.0,24,0,0.0,24.0,projection,265
720575940621662332,3,110,1,110,100.0,110,0,0.0,36.666666666666664,projection,3158
720575940621667693,3,224,1,224,100.0,224,0,0.0,74.66666666666667,local,0
720575940621755888,2,210,1,210,100.0,210,0,0.0,105.0,local,0
720575940621761729,1,40,1,40,100.0,40,0,0.0,40.0,local,0
720575940621763312,1,25,1,25,100.0,25,0,0.0,25.0,local,0
720575940621771041,1,25,1,25,100.0,25,0,0.0,25.0,local,0
720575940621827419,4,274,1,274,100.0,274,0,0.0,68.5,local,0
720575940621833281,6,286,1,286,100.0,286,0,0.0,47.666666666666664,local,0
720575940621894750,2,305,1,305,100.0,305,0,0.0,152.5,local,0
720575940621928453,1,60,1,60,100.0,60,0,0.0,60.0,local,0
720575940621930710,1,195,1,195,100.0,195,0,0.0,195.0,local,0
720575940622026245,2,41,1,41,100.0,41,0,0.0,20.5,local,0
720575940622027222,1,15,1,15,100.0,15,0,0.0,15.0,projection,24
720575940622054753,7,204,1,204,100.0,204,0,0.0,29.142857142857142,local,0
720575940622074206,1,75,1,75,100.0,75,0,0.0,75.0,local,0
720575940622116705,1,50,1,50,100.0,50,0,0.0,50.0,local,0
720575940622123144,4,283,1,283,100.0,283,0,0.0,70.75,local,0
720575940622124833,2,245,1,245,100.0,245,0,0.0,122.5,local,0
720575940622154266,2,22,1,22,100.0,22,0,0.0,11.0,local,0
720575940622195625,4,126,1,126,100.0,126,0,0.0,31.5,local,0
720575940622235425,1,10,1,10,100.0,10,0,0.0,10.0,local,0
720575940622236671,1,10,1,10,100.0,10,0,0.0,10.0,local,0
720575940622266236,1,39,1,39,100.0,39,0,0.0,39.0,local,0
720575940622284947,2,95,1,95,100.0,95,0,0.0,47.5,projection,823
720575940622309726,1,48,1,48,100.0,48,0,0.0,48.0,projection,769
720575940622319715,1,35,1,35,100.0,35,0,0.0,35.0,projection,289
720575940622391337,2,75,1,75,100.0,75,0,0.0,37.5,local,0
720575940622415948,2,267,1,267,100.0,267,0,0.0,133.5,local,0
720575940622433799,3,93,1,93,100.0,93,0,0.0,31.0,local,0
720575940622452715,1,30,1,30,100.0,30,0,0.0,30.0,local,0
720575940622457579,1,10,1,10,100.0,10,0,0.0,10.0,local,0
720575940622466027,1,5,1,5,100.0,5,0,0.0,5.0,projection,82
720575940622486644,1,39,1,39,100.0,39,0,0.0,39.0,local,0
720575940622493260,8,474,1,474,100.0,474,0,0.0,59.25,local,0
720575940622500172,1,93,1,93,100.0,93,0,0.0,93.0,local,0
720575940622515895,3,87,1,87,100.0,87,0,0.0,29.0,projection,150
720575940622537477,1,96,1,96,100.0,96,0,0.0,96.0,local,0
720575940622547299,1,30,1,30,100.0,30,0,0.0,30.0,projection,530
720575940622629011,1,7,1,7,100.0,7,0,0.0,7.0,projection,59
720575940622657268,4,240,1,240,100.0,240,0,0.0,60.0,local,0
720575940622695448,2,181,1,181,100.0,181,0,0.0,90.5,local,0
720575940622734106,1,12,1,12,100.0,12,0,0.0,12.0,local,0
720575940622828056,2,43,1,43,100.0,43,0,0.0,21.5,projection,26
720575940622835947,1,25,1,25,100.0,25,0,0.0,25.0,local,0
720575940622853258,2,75,1,75,100.0,75,0,0.0,37.5,local,0
720575940622931976,3,70,1,70,100.0,70,0,0.0,23.333333333333332,local,0
720575940622994323,1,10,1,10,100.0,10,0,0.0,10.0,projection,670
720575940623004552,3,157,1,157,100.0,157,0,0.0,52.333333333333336,local,0
720575940623017989,4,240,1,240,100.0,240,0,0.0,60.0,local,0
720575940623019544,1,42,1,42,100.0,42,0,0.0,42.0,projection,662
720575940623029395,2,73,1,73,100.0,73,0,0.0,36.5,local,0
720575940623044103,2,53,1,53,100.0,53,0,0.0,26.5,local,0
720575940623066893,2,30,1,30,100.0,30,0,0.0,15.0,local,0
720575940623078071,2,86,1,86,100.0,86,0,0.0,43.0,local,0
720575940623097853,1,24,1,24,100.0,24,0,0.0,24.0,local,0
720575940623128269,1,20,1,20,100.0,20,0,0.0,20.0,local,0
720575940623132621,4,190,1,190,100.0,190,0,0.0,47.5,local,0
720575940623148285,2,210,1,210,100.0,210,0,0.0,105.0,local,0
720575940623154712,1,10,1,10,100.0,10,0,0.0,10.0,local,0
720575940623158709,1,40,1,40,100.0,40,0,0.0,40.0,local,0
720575940623164685,3,134,1,134,100.0,134,0,0.0,44.666666666666664,local,0
720575940623164941,1,69,1,69,100.0,69,0,0.0,69.0,projection,9
720575940623192781,2,78,1,78,100.0,78,0,0.0,39.0,local,0
720575940623209165,5,193,1,193,100.0,193,0,0.0,38.6,local,0
720575940623211725,1,10,1,10,100.0,10,0,0.0,10.0,local,0
720575940623217577,2,80,1,80,100.0,80,0,0.0,40.0,projection,743
720575940623224555,1,14,1,14,100.0,14,0,0.0,14.0,projection,56
720575940623261481,1,18,1,18,100.0,18,0,0.0,18.0,projection,140
720575940623261675,1,75,1,75,100.0,75,0,0.0,75.0,local,0
720575940623272328,1,70,1,70,100.0,70,0,0.0,70.0,local,0
720575940623333964,1,21,1,21,100.0,21,0,0.0,21.0,projection,1629
720575940623366102,1,35,1,35,100.0,35,0,0.0,35.0,projection,677
720575940623380009,1,15,1,15,100.0,15,0,0.0,15.0,projection,28
720575940623432918,1,6,1,6,100.0,6,0,0.0,6.0,projection,5983
720575940623449382,1,16,1,16,100.0,16,0,0.0,16.0,local,0
720575940623455239,1,27,1,27,100.0,27,0,0.0,27.0,projection,2687
720575940623476407,8,405,1,405,100.0,405,0,0.0,50.625,local,0
720575940623497653,1,18,1,18,100.0,18,0,0.0,18.0,projection,87
720575940623535044,8,1036,1,1036,100.0,1036,0,0.0,129.5,local,0
720575940623579063,1,33,1,33,100.0,33,0,0.0,33.0,projection,502
720575940623617973,2,170,1,170,100.0,170,0,0.0,85.0,projection,2524
720575940623620586,2,73,1,73,100.0,73,0,0.0,36.5,local,0
720575940623637226,1,48,1,48,100.0,48,0,0.0,48.0,projection,15
720575940623654804,1,100,1,100,100.0,100,0,0.0,100.0,local,0
720575940623663084,1,72,1,72,100.0,72,0,0.0,72.0,local,0
720575940623675367,1,18,1,18,100.0,18,0,0.0,18.0,projection,149
720575940623676394,3,401,1,401,100.0,401,0,0.0,133.66666666666666,local,0
720575940623690474,3,185,1,185,100.0,185,0,0.0,61.666666666666664,local,0
720575940623718380,3,64,1,64,100.0,64,0,0.0,21.333333333333332,local,0
720575940623737525,2,95,1,95,100.0,95,0,0.0,47.5,projection,473
720575940623758377,1,10,1,10,100.0,10,0,0.0,10.0,projection,22
720575940623777065,1,15,1,15,100.0,15,0,0.0,15.0,projection,139
720575940623847181,1,12,1,12,100.0,12,0,0.0,12.0,projection,237
720575940623861962,2,75,1,75,100.0,75,0,0.0,37.5,local,0
720575940623918121,3,445,1,445,100.0,445,0,0.0,148.33333333333334,local,0
720575940623988733,3,51,1,51,100.0,51,0,0.0,17.0,local,0
720575940624023188,1,10,1,10,100.0,10,0,0.0,10.0,local,0
720575940624120649,1,20,1,20,100.0,20,0,0.0,20.0,projection,993
720575940624176312,2,46,1,46,100.0,46,0,0.0,23.0,local,0
720575940624222205,3,174,1,174,100.0,174,0,0.0,58.0,local,0
720575940624263655,2,105,1,105,100.0,105,0,0.0,52.5,local,0
720575940624352970,3,196,1,196,100.0,196,0,0.0,65.33333333333333,local,0
720575940624384304,2,75,1,75,100.0,75,0,0.0,37.5,local,0
720575940624454221,1,12,1,12,100.0,12,0,0.0,12.0,projection,112
720575940624461576,2,31,1,31,100.0,31,0,0.0,15.5,local,0
720575940624466440,1,40,1,40,100.0,40,0,0.0,40.0,local,0
720575940624528068,3,68,1,68,100.0,68,0,0.0,22.666666666666668,local,0
720575940624532408,2,95,1,95,100.0,95,0,0.0,47.5,local,0
720575940624537284,1,21,1,21,100.0,21,0,0.0,21.0,projection,22
720575940624600840,6,568,1,568,100.0,568,0,0.0,94.66666666666667,local,0
720575940624623287,1,18,1,18,100.0,18,0,0.0,18.0,local,0
720575940624659789,2,60,1,60,100.0,60,0,0.0,30.0,projection,31
720575940624856409,1,85,1,85,100.0,85,0,0.0,85.0,projection,81
720575940624860599,1,10,1,10,100.0,10,0,0.0,10.0,projection,225
720575940624865584,1,20,1,20,100.0,20,0,0.0,20.0,local,0
720575940624870663,1,14,1,14,100.0,14,0,0.0,14.0,projection,356
720575940624882407,1,6,1,6,100.0,6,0,0.0,6.0,local,0
720575940624897516,1,24,1,24,100.0,24,0,0.0,24.0,local,0
720575940624913959,2,148,1,148,100.0,148,0,0.0,74.0,local,0
720575940624928284,8,522,1,522,100.0,522,0,0.0,65.25,local,0
720575940624986300,3,396,1,396,100.0,396,0,0.0,132.0,local,0
720575940624987175,1,90,1,90,100.0,90,0,0.0,90.0,local,0
720575940624987394,1,35,1,35,100.0,35,0,0.0,35.0,projection,80
720575940624988455,2,170,1,170,100.0,170,0,0.0,85.0,local,0
720575940624991527,1,39,1,39,100.0,39,0,0.0,39.0,projection,25
720575940625002936,3,112,1,112,100.0,112,0,0.0,37.333333333333336,local,0
720575940625004034,1,25,1,25,100.0,25,0,0.0,25.0,local,0
720575940625007256,1,12,1,12,100.0,12,0,0.0,12.0,projection,165
720575940625045180,6,691,1,691,100.0,691,0,0.0,115.16666666666667,local,0
720575940625047484,1,7,1,7,100.0,7,0,0.0,7.0,local,0
720575940625081290,4,231,1,231,100.0,231,0,0.0,57.75,local,0
720575940625132797,1,30,1,30,100.0,30,0,0.0,30.0,projection,2071
720575940625137497,1,25,1,25,100.0,25,0,0.0,25.0,projection,42
720575940625167886,3,97,1,97,100.0,97,0,0.0,32.333333333333336,local,0
720575940625172016,5,152,1,152,100.0,152,0,0.0,30.4,local,0
720575940625175054,1,70,1,70,100.0,70,0,0.0,70.0,local,0
720575940625178768,1,25,1,25,100.0,25,0,0.0,25.0,local,0
720575940625320394,1,20,1,20,100.0,20,0,0.0,20.0,local,0
720575940625339981,4,300,1,300,100.0,300,0,0.0,75.0,local,0
720575940625352852,1,18,1,18,100.0,18,0,0.0,18.0,projection,752
720575940625360670,1,8,1,8,100.0,8,0,0.0,8.0,projection,214
720575940625376442,3,165,1,165,100.0,165,0,0.0,55.0,projection,127
720575940625408796,1,60,1,60,100.0,60,0,0.0,60.0,local,0
720575940625454108,3,238,1,238,100.0,238,0,0.0,79.33333333333333,local,0
720575940625502666,1,30,1,30,100.0,30,0,0.0,30.0,projection,77
720575940625705930,2,92,1,92,100.0,92,0,0.0,46.0,local,0
720575940625737776,1,12,1,12,100.0,12,0,0.0,12.0,local,0
720575940625740346,1,40,1,40,100.0,40,0,0.0,40.0,local,0
720575940625807152,4,583,1,583,100.0,583,0,0.0,145.75,local,0
720575940625813140,2,185,1,185,100.0,185,0,0.0,92.5,local,0
720575940625815562,1,15,1,15,100.0,15,0,0.0,15.0,local,0
720575940625834132,1,36,1,36,100.0,36,0,0.0,36.0,local,0
720575940625841241,2,43,1,43,100.0,43,0,0.0,21.5,local,0
720575940625852464,2,30,1,30,100.0,30,0,0.0,15.0,local,0
720575940625867056,1,14,1,14,100.0,14,0,0.0,14.0,local,0
720575940625873560,1,30,1,30,100.0,30,0,0.0,30.0,local,0
720575940625874992,7,1025,1,1025,100.0,1025,0,0.0,146.42857142857142,local,0
720575940625962242,1,18,1,18,100.0,18,0,0.0,18.0,projection,339
720575940625979650,1,30,1,30,100.0,30,0,0.0,30.0,projection,542
720575940626015640,1,15,1,15,100.0,15,0,0.0,15.0,local,0
720575940626075517,1,80,1,80,100.0,80,0,0.0,80.0,local,0
720575940626094350,2,261,1,261,100.0,261,0,0.0,130.5,local,0
720575940626099214,2,100,1,100,100.0,100,0,0.0,50.0,local,0
720575940626127432,1,30,1,30,100.0,30,0,0.0,30.0,local,0
720575940626163658,1,75,1,75,100.0,75,0,0.0,75.0,local,0
720575940626179614,1,30,1,30,100.0,30,0,0.0,30.0,local,0
720575940626185353,1,36,1,36,100.0,36,0,0.0,36.0,local,0
720575940626191306,2,106,1,106,100.0,106,0,0.0,53.0,local,0
720575940626197593,5,174,1,174,100.0,174,0,0.0,34.8,local,0
720575940626214275,1,18,1,18,100.0,18,0,0.0,18.0,projection,445
720575940626229849,1,30,1,30,100.0,30,0,0.0,30.0,local,0
720575940626232153,1,15,1,15,100.0,15,0,0.0,15.0,projection,1414
720575940626243428,3,459,1,459,100.0,459,0,0.0,153.0,local,0
720575940626279742,1,30,1,30,100.0,30,0,0.0,30.0,local,0
720575940626308697,4,129,1,129,100.0,129,0,0.0,32.25,local,0
720575940626376600,1,5,1,5,100.0,5,0,0.0,5.0,local,0
720575940626434822,1,12,1,12,100.0,12,0,0.0,12.0,local,0
720575940626468178,1,42,1,42,100.0,42,0,0.0,42.0,local,0
720575940626500745,2,78,1,78,100.0,78,0,0.0,39.0,projection,1325
720575940626507027,1,5,1,5,100.0,5,0,0.0,5.0,projection,178
720575940626548605,1,27,1,27,100.0,27,0,0.0,27.0,projection,423
720575940626555153,1,40,1,40,100.0,40,0,0.0,40.0,local,0
720575940626557186,2,147,1,147,100.0,147,0,0.0,73.5,local,0
720575940626557442,1,40,1,40,100.0,40,0,0.0,40.0,local,0
720575940626583836,3,205,1,205,100.0,205,0,0.0,68.33333333333333,local,0
720575940626598994,2,13,1,13,100.0,13,0,0.0,6.5,local,0
720575940626625813,2,87,1,87,100.0,87,0,0.0,43.5,local,0
720575940626626597,2,54,1,54,100.0,54,0,0.0,27.0,local,0
720575940626661501,1,7,1,7,100.0,7,0,0.0,7.0,projection,1181
720575940626668218,3,100,1,100,100.0,100,0,0.0,33.333333333333336,local,0
720575940626672058,1,12,1,12,100.0,12,0,0.0,12.0,local,0
720575940626705497,3,478,1,478,100.0,478,0,0.0,159.33333333333334,local,0
720575940626750089,2,18,1,18,100.0,18,0,0.0,9.0,projection,195
720575940626767152,1,39,1,39,100.0,39,0,0.0,39.0,local,0
720575940626780222,1,10,1,10,100.0,10,0,0.0,10.0,local,0
720575940626798736,1,16,1,16,100.0,16,0,0.0,16.0,local,0
720575940626809109,2,56,1,56,100.0,56,0,0.0,28.0,local,0
720575940626826288,7,557,1,557,100.0,557,0,0.0,79.57142857142857,local,0
720575940626835146,4,88,1,88,100.0,88,0,0.0,22.0,local,0
720575940626889491,1,21,1,21,100.0,21,0,0.0,21.0,projection,58
720575940626919144,4,435,1,435,100.0,435,0,0.0,108.75,local,0
720575940626939737,1,27,1,27,100.0,27,0,0.0,27.0,local,0
720575940626953561,1,25,1,25,100.0,25,0,0.0,25.0,local,0
720575940626960536,6,1280,1,1280,100.0,1280,0,0.0,213.33333333333334,local,0
720575940626961241,1,18,1,18,100.0,18,0,0.0,18.0,local,0
720575940626968216,2,119,1,119,100.0,119,0,0.0,59.5,local,0
720575940626972056,1,40,1,40,100.0,40,0,0.0,40.0,local,0
720575940626974737,2,226,1,226,100.0,226,0,0.0,113.0,projection,19
720575940626983684,1,42,1,42,100.0,42,0,0.0,42.0,projection,603
720575940627015196,1,78,1,78,100.0,78,0,0.0,78.0,projection,47
720575940627040549,1,8,1,8,100.0,8,0,0.0,8.0,local,0
720575940627047400,1,50,1,50,100.0,50,0,0.0,50.0,local,0
720575940627062088,2,20,1,20,100.0,20,0,0.0,10.0,local,0
720575940627083294,3,77,1,77,100.0,77,0,0.0,25.666666666666668,local,0
720575940627107271,1,615,1,615,100.0,615,0,0.0,615.0,local,0
720575940627107721,3,412,1,412,100.0,412,0,0.0,137.33333333333334,local,0
720575940627113544,3,69,1,69,100.0,69,0,0.0,23.0,projection,396
720575940627117193,1,18,1,18,100.0,18,0,0.0,18.0,local,0
720575940627182217,6,384,1,384,100.0,384,0,0.0,64.0,local,0
720575940627253604,1,15,1,15,100.0,15,0,0.0,15.0,projection,5560
720575940627254856,3,246,1,246,100.0,246,0,0.0,82.0,local,0
720575940627274578,1,38,1,38,100.0,38,0,0.0,38.0,local,0
720575940627275795,4,665,1,665,100.0,665,0,0.0,166.25,local,0
720575940627276474,2,98,1,98,100.0,98,0,0.0,49.0,local,0
720575940627284935,1,6,1,6,100.0,6,0,0.0,6.0,projection,11
720575940627293540,1,12,1,12,100.0,12,0,0.0,12.0,local,0
720575940627304424,1,40,1,40,100.0,40,0,0.0,40.0,local,0
720575940627312668,5,1785,1,1785,100.0,1785,0,0.0,357.0,local,0
720575940627356459,2,409,1,409,100.0,409,0,0.0,204.5,local,0
720575940627358853,1,66,1,66,100.0,66,0,0.0,66.0,projection,14
720575940627359109,2,39,1,39,100.0,39,0,0.0,19.5,local,0
720575940627359228,2,194,1,194,100.0,194,0,0.0,97.0,local,0
720575940627366675,1,15,1,15,100.0,15,0,0.0,15.0,local,0
720575940627383685,2,126,1,126,100.0,126,0,0.0,63.0,local,0
720575940627403578,1,18,1,18,100.0,18,0,0.0,18.0,local,0
720575940627404858,1,18,1,18,100.0,18,0,0.0,18.0,local,0
720575940627410451,1,10,1,10,100.0,10,0,0.0,10.0,local,0
720575940627418387,2,180,1,180,100.0,180,0,0.0,90.0,local,0
720575940627419962,2,350,1,350,100.0,350,0,0.0,175.0,local,0
720575940627429907,2,210,1,210,100.0,210,0,0.0,105.0,local,0
720575940627443996,1,51,1,51,100.0,51,0,0.0,51.0,local,0
720575940627463043,1,50,1,50,100.0,50,0,0.0,50.0,projection,850
720575940627472684,1,6,1,6,100.0,6,0,0.0,6.0,projection,479
720575940627667530,3,227,1,227,100.0,227,0,0.0,75.66666666666667,projection,182
720575940627704392,2,65,1,65,100.0,65,0,0.0,32.5,local,0
720575940627732423,1,36,1,36,100.0,36,0,0.0,36.0,local,0
720575940627779983,1,14,1,14,100.0,14,0,0.0,14.0,projection,38
720575940627812168,2,130,1,130,100.0,130,0,0.0,65.0,local,0
720575940627814728,1,35,1,35,100.0,35,0,0.0,35.0,local,0
720575940627815080,1,18,1,18,100.0,18,0,0.0,18.0,projection,544
720575940627826760,2,75,1,75,100.0,75,0,0.0,37.5,local,0
720575940627827697,1,96,1,96,100.0,96,0,0.0,96.0,local,0
720575940627828040,5,526,1,526,100.0,526,0,0.0,105.2,local,0
720575940627828296,2,72,1,72,100.0,72,0,0.0,36.0,local,0
720575940627829064,1,30,1,30,100.0,30,0,0.0,30.0,local,0
720575940627847752,2,53,1,53,100.0,53,0,0.0,26.5,local,0
720575940627989609,1,30,1,30,100.0,30,0,0.0,30.0,local,0
720575940628023685,1,50,1,50,100.0,50,0,0.0,50.0,projection,2522
720575940628029180,1,30,1,30,100.0,30,0,0.0,30.0,local,0
720575940628034044,1,10,1,10,100.0,10,0,0.0,10.0,local,0
720575940628070419,7,476,1,476,100.0,476,0,0.0,68.0,local,0
720575940628149763,1,24,1,24,100.0,24,0,0.0,24.0,local,0
720575940628182910,3,85,1,85,100.0,85,0,0.0,28.333333333333332,local,0
720575940628209152,2,213,1,213,100.0,213,0,0.0,106.5,projection,40
720575940628211499,1,66,1,66,100.0,66,0,0.0,66.0,local,0
720575940628287546,1,8,1,8,100.0,8,0,0.0,8.0,local,0
720575940628319899,2,256,1,256,100.0,256,0,0.0,128.0,local,0
720575940628360723,1,15,1,15,100.0,15,0,0.0,15.0,local,0
720575940628459011,1,36,1,36,100.0,36,0,0.0,36.0,local,0
720575940628462927,2,32,1,32,100.0,32,0,0.0,16.0,local,0
720575940628463042,1,60,1,60,100.0,60,0,0.0,60.0,local,0
720575940628500540,1,20,1,20,100.0,20,0,0.0,20.0,local,0
720575940628539735,1,15,1,15,100.0,15,0,0.0,15.0,local,0
720575940628598121,6,752,1,752,100.0,752,0,0.0,125.33333333333333,local,0
720575940628644218,1,215,1,215,100.0,215,0,0.0,215.0,local,0
720575940628668009,4,172,1,172,100.0,172,0,0.0,43.0,local,0
720575940628675433,1,10,1,10,100.0,10,0,0.0,10.0,projection,164
720575940628676457,4,505,1,505,100.0,505,0,0.0,126.25,local,0
720575940628683063,3,176,1,176,100.0,176,0,0.0,58.666666666666664,local,0
720575940628684023,1,14,1,14,100.0,14,0,0.0,14.0,local,0
720575940628741379,2,18,1,18,100.0,18,0,0.0,9.0,projection,711
720575940628743752,8,1260,1,1260,100.0,1260,0,0.0,157.5,local,0
720575940628755815,2,53,1,53,100.0,53,0,0.0,26.5,projection,290
720575940628780309,1,42,1,42,100.0,42,0,0.0,42.0,local,0
720575940628784066,1,25,1,25,100.0,25,0,0.0,25.0,local,0
720575940628787016,2,100,1,100,100.0,100,0,0.0,50.0,local,0
720575940628802069,2,68,1,68,100.0,68,0,0.0,34.0,local,0
720575940628815381,2,143,1,143,100.0,143,0,0.0,71.5,local,0
720575940628825210,2,87,1,87,100.0,87,0,0.0,43.5,local,0
720575940628826128,1,18,1,18,100.0,18,0,0.0,18.0,local,0
720575940628866242,1,20,1,20,100.0,20,0,0.0,20.0,projection,37
720575940628883535,1,18,1,18,100.0,18,0,0.0,18.0,projection,389
720575940628885160,2,56,1,56,100.0,56,0,0.0,28.0,local,0
720575940628936898,3,64,1,64,100.0,64,0,0.0,21.333333333333332,local,0
720575940628972048,1,11,1,11,100.0,11,0,0.0,11.0,local,0
720575940628995331,3,119,1,119,100.0,119,0,0.0,39.666666666666664,local,0
720575940628995587,9,660,1,660,100.0,660,0,0.0,73.33333333333333,local,0
720575940628997123,2,217,1,217,100.0,217,0,0.0,108.5,local,0
720575940629000783,1,60,1,60,100.0,60,0,0.0,60.0,local,0
720575940629005903,1,39,1,39,100.0,39,0,0.0,39.0,local,0
720575940629024591,1,57,1,57,100.0,57,0,0.0,57.0,local,0
720575940629111490,3,218,1,218,100.0,218,0,0.0,72.66666666666667,local,0
720575940629266988,3,164,1,164,100.0,164,0,0.0,54.666666666666664,local,0
720575940629285879,1,5,1,5,100.0,5,0,0.0,5.0,projection,577
720575940629304702,1,201,1,201,100.0,201,0,0.0,201.0,local,0
720575940629365868,1,28,1,28,100.0,28,0,0.0,28.0,local,0
720575940629377218,2,29,1,29,100.0,29,0,0.0,14.5,local,0
720575940629412682,1,27,1,27,100.0,27,0,0.0,27.0,local,0
720575940629422183,4,300,1,300,100.0,300,0,0.0,75.0,local,0
720575940629509948,1,20,1,20,100.0,20,0,0.0,20.0,projection,67
720575940629564688,1,54,1,54,100.0,54,0,0.0,54.0,local,0
720575940629576451,1,12,1,12,100.0,12,0,0.0,12.0,local,0
720575940629595633,2,145,1,145,100.0,145,0,0.0,72.5,local,0
720575940629639550,1,69,1,69,100.0,69,0,0.0,69.0,projection,24
720575940629642693,1,14,1,14,100.0,14,0,0.0,14.0,local,0
720575940629677417,2,185,1,185,100.0,185,0,0.0,92.5,local,0
720575940629717370,1,14,1,14,100.0,14,0,0.0,14.0,local,0
720575940629773276,1,60,1,60,100.0,60,0,0.0,60.0,local,0
720575940629778554,7,899,1,899,100.0,899,0,0.0,128.42857142857142,local,0
720575940629804158,1,30,1,30,100.0,30,0,0.0,30.0,local,0
720575940629805950,2,42,1,42,100.0,42,0,0.0,21.0,local,0
720575940629822842,3,147,1,147,100.0,147,0,0.0,49.0,projection,126
720575940629845442,1,15,1,15,100.0,15,0,0.0,15.0,projection,363
720575940629865319,1,90,1,90,100.0,90,0,0.0,90.0,local,0
720575940629878479,1,12,1,12,100.0,12,0,0.0,12.0,local,0
720575940629951852,1,12,1,12,100.0,12,0,0.0,12.0,projection,860
720575940629954872,1,42,1,42,100.0,42,0,0.0,42.0,local,0
720575940629987587,1,135,1,135,100.0,135,0,0.0,135.0,local,0
720575940630012663,1,18,1,18,100.0,18,0,0.0,18.0,local,0
720575940630135084,1,42,1,42,100.0,42,0,0.0,42.0,projection,37
720575940630157643,1,35,1,35,100.0,35,0,0.0,35.0,projection,17
720575940630181852,1,5,1,5,100.0,5,0,0.0,5.0,local,0
720575940630232380,5,477,1,477,100.0,477,0,0.0,95.4,local,0
720575940630233404,5,408,1,408,100.0,408,0,0.0,81.6,local,0
720575940630251095,1,66,1,66,100.0,66,0,0.0,66.0,local,0
720575940630291767,1,39,1,39,100.0,39,0,0.0,39.0,local,0
720575940630403031,1,18,1,18,100.0,18,0,0.0,18.0,local,0
720575940630461404,1,60,1,60,100.0,60,0,0.0,60.0,local,0
720575940630470391,5,1005,1,1005,100.0,1005,0,0.0,201.0,local,0
720575940630488540,1,15,1,15,100.0,15,0,0.0,15.0,local,0
720575940630504466,5,239,1,239,100.0,239,0,0.0,47.8,local,0
720575940630506344,1,265,1,265,100.0,265,0,0.0,265.0,local,0
720575940630548751,1,49,1,49,100.0,49,0,0.0,49.0,local,0
720575940630579574,2,62,1,62,100.0,62,0,0.0,31.0,local,0
720575940630589036,7,314,1,314,100.0,314,0,0.0,44.857142857142854,local,0
720575940630605881,4,160,1,160,100.0,160,0,0.0,40.0,local,0
720575940630620207,3,74,1,74,100.0,74,0,0.0,24.666666666666668,projection,12
720575940630661164,2,48,1,48,100.0,48,0,0.0,24.0,local,0
720575940630664556,5,1704,1,1704,100.0,1704,0,0.0,340.8,local,0
720575940630665210,3,279,1,279,100.0,279,0,0.0,93.0,local,0
720575940630670454,2,40,1,40,100.0,40,0,0.0,20.0,local,0
720575940630670890,3,159,1,159,100.0,159,0,0.0,53.0,projection,137
720575940630674038,1,6,1,6,100.0,6,0,0.0,6.0,local,0
720575940630679801,2,37,1,37,100.0,37,0,0.0,18.5,local,0
720575940630683385,4,233,1,233,100.0,233,0,0.0,58.25,local,0
720575940630691958,5,733,1,733,100.0,733,0,0.0,146.6,local,0
720575940630697078,1,24,1,24,100.0,24,0,0.0,24.0,local,0
720575940630718511,1,174,1,174,100.0,174,0,0.0,174.0,projection,67
720575940630771449,3,391,1,391,100.0,391,0,0.0,130.33333333333334,local,0
720575940630773495,2,33,1,33,100.0,33,0,0.0,16.5,local,0
720575940630775801,1,40,1,40,100.0,40,0,0.0,40.0,local,0
720575940630839371,3,156,1,156,100.0,156,0,0.0,52.0,local,0
720575940630867148,1,33,1,33,100.0,33,0,0.0,33.0,local,0
720575940630868793,4,1351,1,1351,100.0,1351,0,0.0,337.75,local,0
720575940630904567,2,153,1,153,100.0,153,0,0.0,76.5,local,0
720575940630981906,1,50,1,50,100.0,50,0,0.0,50.0,projection,303
720575940630991311,2,147,1,147,100.0,147,0,0.0,73.5,local,0
720575940630995799,1,21,1,21,100.0,21,0,0.0,21.0,local,0
720575940631008824,1,18,1,18,100.0,18,0,0.0,18.0,projection,240
720575940631022336,1,45,1,45,100.0,45,0,0.0,45.0,projection,293
720575940631056185,2,48,1,48,100.0,48,0,0.0,24.0,local,0
720575940631065144,2,35,1,35,100.0,35,0,0.0,17.5,local,0
720575940631092943,8,528,1,528,100.0,528,0,0.0,66.0,local,0
720575940631108303,1,57,1,57,100.0,57,0,0.0,57.0,local,0
720575940631111983,5,356,1,356,100.0,356,0,0.0,71.2,local,0
720575940631144109,1,40,1,40,100.0,40,0,0.0,40.0,local,0
720575940631168057,1,5,1,5,100.0,5,0,0.0,5.0,local,0
720575940631179831,3,575,1,575,100.0,575,0,0.0,191.66666666666666,local,0
720575940631280721,1,12,1,12,100.0,12,0,0.0,12.0,local,0
720575940631293202,3,126,1,126,100.0,126,0,0.0,42.0,local,0
720575940631299090,3,263,1,263,100.0,263,0,0.0,87.66666666666667,local,0
720575940631299602,1,6,1,6,100.0,6,0,0.0,6.0,local,0
720575940631314908,3,92,1,92,100.0,92,0,0.0,30.666666666666668,projection,40
720575940631328763,3,66,1,66,100.0,66,0,0.0,22.0,local,0
720575940631349335,1,10,1,10,100.0,10,0,0.0,10.0,local,0
720575940631365340,2,57,1,57,100.0,57,0,0.0,28.5,local,0
720575940631394920,4,111,1,111,100.0,111,0,0.0,27.75,local,0
720575940631406411,1,31,1,31,100.0,31,0,0.0,31.0,local,0
720575940631459923,1,5,1,5,100.0,5,0,0.0,5.0,projection,41
720575940631549202,1,24,1,24,100.0,24,0,0.0,24.0,projection,6
720575940631595603,3,75,1,75,100.0,75,0,0.0,25.0,projection,159
720575940631619948,4,281,1,281,100.0,281,0,0.0,70.25,local,0
720575940631629160,1,33,1,33,100.0,33,0,0.0,33.0,local,0
720575940631742381,5,191,1,191,100.0,191,0,0.0,38.2,projection,631
720575940631787693,2,98,1,98,100.0,98,0,0.0,49.0,local,0
720575940631829279,2,22,1,22,100.0,22,0,0.0,11.0,local,0
720575940631850521,1,16,1,16,100.0,16,0,0.0,16.0,projection,106
720575940631918649,1,114,1,114,100.0,114,0,0.0,114.0,projection,25
720575940631923304,2,37,1,37,100.0,37,0,0.0,18.5,local,0
720575940631939415,1,90,1,90,100.0,90,0,0.0,90.0,local,0
720575940631939432,1,12,1,12,100.0,12,0,0.0,12.0,local,0
720575940631959097,1,66,1,66,100.0,66,0,0.0,66.0,local,0
720575940631968599,2,41,1,41,100.0,41,0,0.0,20.5,projection,908
720575940631994728,2,54,1,54,100.0,54,0,0.0,27.0,local,0
720575940631997032,2,55,1,55,100.0,55,0,0.0,27.5,local,0
720575940631999080,1,15,1,15,100.0,15,0,0.0,15.0,local,0
720575940632028216,3,153,1,153,100.0,153,0,0.0,51.0,local,0
720575940632030008,1,12,1,12,100.0,12,0,0.0,12.0,local,0
720575940632043576,1,117,1,117,100.0,117,0,0.0,117.0,projection,7
720575940632047890,1,312,1,312,100.0,312,0,0.0,312.0,local,0
720575940632118156,5,779,1,779,100.0,779,0,0.0,155.8,local,0
720575940632134227,2,66,1,66,100.0,66,0,0.0,33.0,local,0
720575940632252743,1,318,1,318,100.0,318,0,0.0,318.0,local,0
720575940632341452,1,15,1,15,100.0,15,0,0.0,15.0,local,0
720575940632365905,1,30,1,30,100.0,30,0,0.0,30.0,local,0
720575940632464146,1,28,1,28,100.0,28,0,0.0,28.0,projection,1279
720575940632486969,3,448,1,448,100.0,448,0,0.0,149.33333333333334,local,0
720575940632524559,1,5,1,5,100.0,5,0,0.0,5.0,local,0
720575940632602532,2,49,1,49,100.0,49,0,0.0,24.5,local,0
720575940632648612,1,25,1,25,100.0,25,0,0.0,25.0,local,0
720575940632659404,1,6,1,6,100.0,6,0,0.0,6.0,projection,377
720575940632726220,1,27,1,27,100.0,27,0,0.0,27.0,local,0
720575940632727756,2,703,1,703,100.0,703,0,0.0,351.5,local,0
720575940632737081,1,48,1,48,100.0,48,0,0.0,48.0,projection,711
720575940632752723,1,42,1,42,100.0,42,0,0.0,42.0,local,0
720575940632828264,1,11,1,11,100.0,11,0,0.0,11.0,projection,28
720575940632873261,5,143,1,143,100.0,143,0,0.0,28.6,local,0
720575940632879842,1,50,1,50,100.0,50,0,0.0,50.0,projection,353
720575940632973048,1,42,1,42,100.0,42,0,0.0,42.0,projection,142
720575940632998028,2,115,1,115,100.0,115,0,0.0,57.5,projection,848
720575940633170643,1,25,1,25,100.0,25,0,0.0,25.0,projection,6
720575940633170969,6,1486,1,1486,100.0,1486,0,0.0,247.66666666666666,local,0
720575940633185567,1,93,1,93,100.0,93,0,0.0,93.0,local,0
720575940633213792,2,232,1,232,100.0,232,0,0.0,116.0,local,0
720575940633277209,3,272,1,272,100.0,272,0,0.0,90.66666666666667,local,0
720575940633304601,2,104,1,104,100.0,104,0,0.0,52.0,projection,366
720575940633316307,1,15,1,15,100.0,15,0,0.0,15.0,local,0
720575940633336601,1,15,1,15,100.0,15,0,0.0,15.0,local,0
720575940633373651,2,90,1,90,100.0,90,0,0.0,45.0,local,0
720575940633529548,1,120,1,120,100.0,120,0,0.0,120.0,projection,29
720575940633557924,1,16,1,16,100.0,16,0,0.0,16.0,projection,598
720575940633571020,1,6,1,6,100.0,6,0,0.0,6.0,local,0
720575940633639063,3,181,1,181,100.0,181,0,0.0,60.333333333333336,local,0
720575940633715831,1,25,1,25,100.0,25,0,0.0,25.0,projection,68
720575940633762714,1,19,1,19,100.0,19,0,0.0,19.0,local,0
720575940633772257,4,99,1,99,100.0,99,0,0.0,24.75,local,0
720575940633796252,1,16,1,16,100.0,16,0,0.0,16.0,local,0
720575940633824864,4,200,1,200,100.0,200,0,0.0,50.0,local,0
720575940633941293,8,684,1,684,100.0,684,0,0.0,85.5,local,0
720575940633996883,1,69,1,69,100.0,69,0,0.0,69.0,local,0
720575940634085786,1,69,1,69,100.0,69,0,0.0,69.0,local,0
720575940634085983,2,35,1,35,100.0,35,0,0.0,17.5,local,0
720575940634090777,7,377,1,377,100.0,377,0,0.0,53.857142857142854,local,0
720575940634093337,5,365,1,365,100.0,365,0,0.0,73.0,local,0
720575940634105439,2,311,1,311,100.0,311,0,0.0,155.5,local,0
720575940634210155,2,140,1,140,100.0,140,0,0.0,70.0,local,0
720575940634301852,1,185,1,185,100.0,185,0,0.0,185.0,local,0
720575940634527840,1,15,1,15,100.0,15,0,0.0,15.0,local,0
720575940634528864,1,24,1,24,100.0,24,0,0.0,24.0,local,0
720575940634560922,1,186,1,186,100.0,186,0,0.0,186.0,local,0
720575940634645600,6,699,1,699,100.0,699,0,0.0,116.5,local,0
720575940634659508,4,205,1,205,100.0,205,0,0.0,51.25,local,0
720575940634842804,1,30,1,30,100.0,30,0,0.0,30.0,projection,62
720575940634856543,1,22,1,22,100.0,22,0,0.0,22.0,projection,260
720575940634900855,1,60,1,60,100.0,60,0,0.0,60.0,local,0
720575940635028591,1,15,1,15,100.0,15,0,0.0,15.0,projection,526
720575940635166571,2,53,1,53,100.0,53,0,0.0,26.5,local,0
720575940635179871,3,155,1,155,100.0,155,0,0.0,51.666666666666664,local,0
720575940635202155,5,149,1,149,100.0,149,0,0.0,29.8,local,0
720575940635202204,1,18,1,18,100.0,18,0,0.0,18.0,projection,5890
720575940635212143,3,202,1,202,100.0,202,0,0.0,67.33333333333333,local,0
720575940635229303,3,384,1,384,100.0,384,0,0.0,128.0,local,0
720575940635297911,3,337,1,337,100.0,337,0,0.0,112.33333333333333,local,0
720575940635322524,1,60,1,60,100.0,60,0,0.0,60.0,projection,51
720575940635360924,4,567,1,567,100.0,567,0,0.0,141.75,local,0
720575940635452570,1,84,1,84,100.0,84,0,0.0,84.0,projection,264
720575940635527092,9,557,1,557,100.0,557,0,0.0,61.888888888888886,projection,620
720575940635527322,3,144,1,144,100.0,144,0,0.0,48.0,local,0
720575940635596212,2,51,1,51,100.0,51,0,0.0,25.5,local,0
720575940635613358,1,6,1,6,100.0,6,0,0.0,6.0,local,0
720575940635751269,2,145,1,145,100.0,145,0,0.0,72.5,local,0
720575940635816926,4,119,1,119,100.0,119,0,0.0,29.75,local,0
720575940635842990,1,7,1,7,100.0,7,0,0.0,7.0,projection,112
720575940635954879,3,167,1,167,100.0,167,0,0.0,55.666666666666664,local,0
720575940635967118,1,66,1,66,100.0,66,0,0.0,66.0,projection,10
720575940636029807,1,15,1,15,100.0,15,0,0.0,15.0,local,0
720575940636079502,1,24,1,24,100.0,24,0,0.0,24.0,projection,436
720575940636165624,4,464,1,464,100.0,464,0,0.0,116.0,local,0
720575940636346487,3,119,1,119,100.0,119,0,0.0,39.666666666666664,local,0
720575940636541285,2,68,1,68,100.0,68,0,0.0,34.0,local,0
720575940636675214,2,108,1,108,100.0,108,0,0.0,54.0,local,0
720575940637144944,1,45,1,45,100.0,45,0,0.0,45.0,local,0
720575940637184326,1,20,1,20,100.0,20,0,0.0,20.0,local,0
720575940637216624,2,93,1,93,100.0,93,0,0.0,46.5,local,0
720575940637296356,2,75,1,75,100.0,75,0,0.0,37.5,projection,5
720575940637360730,2,177,1,177,100.0,177,0,0.0,88.5,local,0
720575940637391423,2,17,1,17,100.0,17,0,0.0,8.5,local,0
720575940637578853,2,19,1,19,100.0,19,0,0.0,9.5,local,0
720575940637607646,1,36,1,36,100.0,36,0,0.0,36.0,projection,73
720575940637656286,4,104,1,104,100.0,104,0,0.0,26.0,local,0
720575940637936710,4,585,1,585,100.0,585,0,0.0,146.25,local,0
720575940638024794,3,183,1,183,100.0,183,0,0.0,61.0,local,0
720575940638096499,1,7,1,7,100.0,7,0,0.0,7.0,projection,39
720575940638204132,1,18,1,18,100.0,18,0,0.0,18.0,projection,191
720575940638684248,1,10,1,10,100.0,10,0,0.0,10.0,local,0
720575940638714694,2,75,1,75,100.0,75,0,0.0,37.5,local,0
720575940638842933,1,10,1,10,100.0,10,0,0.0,10.0,local,0
720575940638928868,2,31,1,31,100.0,31,0,0.0,15.5,local,0
720575940638989219,2,73,1,73,100.0,73,0,0.0,36.5,local,0
720575940639037016,1,42,1,42,100.0,42,0,0.0,42.0,projection,29
720575940639206077,2,79,1,79,100.0,79,0,0.0,39.5,local,0
720575940639285949,1,30,1,30,100.0,30,0,0.0,30.0,local,0
720575940639512192,4,179,1,179,100.0,179,0,0.0,44.75,projection,880
720575940639726141,1,57,1,57,100.0,57,0,0.0,57.0,local,0
720575940639742067,1,15,1,15,100.0,15,0,0.0,15.0,projection,105
720575940639756093,2,55,1,55,100.0,55,0,0.0,27.5,local,0
720575940639769715,3,106,1,106,100.0,106,0,0.0,35.333333333333336,local,0
720575940639786915,5,144,1,144,100.0,144,0,0.0,28.8,local,0
720575940639813365,2,28,1,28,100.0,28,0,0.0,14.0,local,0
720575940639831459,7,223,1,223,100.0,223,0,0.0,31.857142857142858,local,0
720575940639956643,2,97,1,97,100.0,97,0,0.0,48.5,projection,416
720575940639994456,3,393,1,393,100.0,393,0,0.0,131.0,local,0
720575940640348149,2,72,1,72,100.0,72,0,0.0,36.0,local,0
720575940640589171,1,16,1,16,100.0,16,0,0.0,16.0,projection,11
720575940640978048,1,78,1,78,100.0,78,0,0.0,78.0,projection,753
720575940641211520,1,18,1,18,100.0,18,0,0.0,18.0,projection,38
720575940641281013,1,27,1,27,100.0,27,0,0.0,27.0,local,0
720575940641282267,1,48,1,48,100.0,48,0,0.0,48.0,projection,1667
720575940641284853,2,47,1,47,100.0,47,0,0.0,23.5,projection,27
720575940641417869,1,5,1,5,100.0,5,0,0.0,5.0,local,0
720575940641480949,1,15,1,15,100.0,15,0,0.0,15.0,local,0
720575940641546715,1,48,1,48,100.0,48,0,0.0,48.0,projection,41
720575940641648091,4,199,1,199,100.0,199,0,0.0,49.75,local,0
720575940641655949,1,18,1,18,100.0,18,0,0.0,18.0,local,0
720575940641776032,2,92,1,92,100.0,92,0,0.0,46.0,local,0
720575940642428045,3,108,1,108,100.0,108,0,0.0,36.0,local,0
720575940643251748,1,10,1,10,100.0,10,0,0.0,10.0,projection,82
720575940643288868,1,30,1,30,100.0,30,0,0.0,30.0,projection,22
720575940643325581,1,30,1,30,100.0,30,0,0.0,30.0,projection,468
720575940643823470,4,304,1,304,100.0,304,0,0.0,76.0,local,0
720575940643867296,10,3423,1,3423,100.0,3423,0,0.0,342.3,local,0
720575940644464544,4,1045,1,1045,100.0,1045,0,0.0,261.25,local,0
720575940644639342,1,36,1,36,100.0,36,0,0.0,36.0,projection,484
720575940644653348,2,48,1,48,100.0,48,0,0.0,24.0,projection,5
720575940644659236,1,45,1,45,100.0,45,0,0.0,45.0,local,0
720575940644666148,1,20,1,20,100.0,20,0,0.0,20.0,local,0
720575940644669732,1,63,1,63,100.0,63,0,0.0,63.0,local,0
720575940644672548,3,220,1,220,100.0,220,0,0.0,73.33333333333333,local,0
720575940644676900,1,60,1,60,100.0,60,0,0.0,60.0,local,0
720575940644750116,3,82,1,82,100.0,82,0,0.0,27.333333333333332,local,0
720575940644758308,1,24,1,24,100.0,24,0,0.0,24.0,local,0
720575940645039383,2,162,1,162,100.0,162,0,0.0,81.0,local,0
720575940645108936,1,63,1,63,100.0,63,0,0.0,63.0,local,0
720575940645223278,1,10,1,10,100.0,10,0,0.0,10.0,projection,293
720575940645495587,1,40,1,40,100.0,40,0,0.0,40.0,local,0
720575940645503854,1,65,1,65,100.0,65,0,0.0,65.0,local,0
720575940645527918,6,491,1,491,100.0,491,0,0.0,81.83333333333333,local,0
720575940645878068,2,79,1,79,100.0,79,0,0.0,39.5,local,0
720575940645972276,1,24,1,24,100.0,24,0,0.0,24.0,projection,1114
720575940646068020,1,24,1,24,100.0,24,0,0.0,24.0,projection,1099
720575940646088068,1,21,1,21,100.0,21,0,0.0,21.0,local,0
720575940646156420,3,309,1,309,100.0,309,0,0.0,103.0,local,0
720575940646192692,1,30,1,30,100.0,30,0,0.0,30.0,projection,1256
720575940646526243,1,48,1,48,100.0,48,0,0.0,48.0,local,0
720575940646930996,1,36,1,36,100.0,36,0,0.0,36.0,local,0
720575940647003188,1,21,1,21,100.0,21,0,0.0,21.0,projection,43
720575940647010356,1,10,1,10,100.0,10,0,0.0,10.0,local,0
720575940647029044,1,15,1,15,100.0,15,0,0.0,15.0,local,0
720575940647030324,1,24,1,24,100.0,24,0,0.0,24.0,local,0
720575940647030580,4,523,1,523,100.0,523,0,0.0,130.75,local,0
720575940647060532,2,68,1,68,100.0,68,0,0.0,34.0,local,0
720575940647228468,1,78,1,78,100.0,78,0,0.0,78.0,projection,446
720575940647560500,1,96,1,96,100.0,96,0,0.0,96.0,local,0
720575940647606148,4,338,1,338,100.0,338,0,0.0,84.5,local,0
720575940648188548,3,185,1,185,100.0,185,0,0.0,61.666666666666664,local,0
720575940648377209,1,32,1,32,100.0,32,0,0.0,32.0,local,0
720575940648708228,3,287,1,287,100.0,287,0,0.0,95.66666666666667,local,0
720575940648864633,1,230,1,230,100.0,230,0,0.0,230.0,local,0
720575940649081465,3,781,1,781,100.0,781,0,0.0,260.3333333333333,local,0
720575940650357494,1,33,1,33,100.0,33,0,0.0,33.0,projection,28
720575940651736566,2,434,1,434,100.0,434,0,0.0,217.0,local,0
720575940651928566,1,45,1,45,100.0,45,0,0.0,45.0,projection,309
720575940652580086,3,134,1,134,100.0,134,0,0.0,44.666666666666664,local,0
720575940654057889,1,31,1,31,100.0,31,0,0.0,31.0,local,0
720575940655011489,2,35,1,35,100.0,35,0,0.0,17.5,projection,1165
720575940655015329,3,68,1,68,100.0,68,0,0.0,22.666666666666668,local,0
720575940657604225,1,24,1,24,100.0,24,0,0.0,24.0,local,0
720575940659056001,1,18,1,18,100.0,18,0,0.0,18.0,local,0
720575940660220289,1,14,1,14,100.0,14,0,0.0,14.0,local,0
720575940660223873,2,44,1,44,100.0,44,0,0.0,22.0,local,0
720575940660224641,1,12,1,12,100.0,12,0,0.0,12.0,local,0
720575940660233601,3,62,1,62,100.0,62,0,0.0,20.666666666666668,local,0
720575940660313729,1,70,1,70,100.0,70,0,0.0,70.0,projection,298
